,age,sex,fever,cold,rigor,fatigue,headace,bitter_tongue,vomitting,diarrhea,Convulsion,Anemia,jundice,cocacola_urine,hypoglycemia,prostraction,hyperpyrexia,severe_maleria
1,37,M,no,yes,no,no,yes,yes,no,no,yes,no,yes,yes,yes,no,no,no
2,30,F,yes,yes,no,no,yes,yes,yes,no,yes,no,no,no,yes,no,no,yes
3,47,M,yes,no,no,yes,no,no,no,yes,no,no,yes,no,yes,no,no,no
4,11,F,yes,no,yes,no,yes,no,no,yes,no,no,yes,yes,yes,no,yes,yes
5,35,F,yes,no,yes,yes,yes,no,no,yes,no,no,yes,yes,yes,no,no,yes
6,21,M,no,no,no,no,yes,no,yes,no,no,no,yes,no,yes,yes,no,no
7,30,F,yes,yes,no,no,yes,no,no,no,no,yes,yes,no,yes,no,yes,no
8,2,M,no,yes,no,no,yes,yes,no,no,no,no,no,yes,yes,no,no,no
9,5,M,no,no,no,yes,no,no,no,no,yes,no,yes,yes,yes,yes,no,no
10,35,M,yes,yes,yes,yes,no,yes,no,no,no,yes,yes,yes,no,yes,yes,no
11,44,M,yes,no,no,no,no,yes,no,no,no,no,yes,yes,yes,no,no,no
12,12,F,no,no,no,yes,yes,yes,no,yes,yes,no,no,no,no,no,no,no
13,32,F,yes,no,no,no,yes,no,no,yes,no,no,no,yes,yes,no,no,no
14,6,M,yes,yes,yes,yes,no,yes,yes,yes,yes,no,yes,yes,yes,no,no,no
15,14,M,no,yes,no,yes,no,no,no,yes,no,no,yes,no,yes,no,no,yes
16,50,M,no,no,no,yes,yes,yes,no,yes,no,yes,yes,no,yes,no,no,yes
17,29,F,yes,yes,no,yes,yes,yes,no,no,no,no,yes,yes,yes,no,no,no
18,9,F,yes,no,no,yes,no,no,no,no,no,yes,no,yes,yes,yes,no,no
19,2,F,yes,no,no,yes,yes,yes,no,no,yes,yes,yes,yes,yes,yes,no,no
20,32,F,yes,yes,no,no,yes,no,no,no,yes,yes,yes,no,no,no,yes,no
21,43,M,yes,yes,no,yes,yes,no,no,no,no,no,yes,yes,yes,yes,no,no
22,24,M,no,yes,no,no,yes,no,no,no,no,yes,no,yes,yes,no,no,no
23,10,M,yes,no,yes,yes,yes,yes,no,yes,yes,no,yes,no,yes,no,no,no
24,4,M,no,no,yes,no,yes,yes,no,no,no,no,no,yes,yes,no,no,no
25,47,F,yes,yes,yes,yes,yes,yes,no,no,yes,no,yes,yes,no,yes,no,yes
26,18,M,yes,no,no,no,no,no,no,yes,no,no,yes,no,yes,no,yes,no
27,47,F,yes,yes,no,no,no,yes,no,yes,yes,no,yes,yes,no,no,yes,no
28,3,M,yes,yes,no,no,yes,yes,no,no,no,no,yes,yes,yes,no,no,yes
29,33,F,yes,yes,yes,yes,yes,no,no,no,yes,no,yes,no,yes,yes,yes,yes
30,22,M,no,no,no,yes,yes,yes,no,no,no,yes,yes,no,yes,no,no,no
31,31,F,yes,no,no,no,no,yes,no,no,no,yes,no,yes,no,no,no,no
32,14,M,no,yes,yes,yes,no,yes,no,no,no,no,no,no,yes,yes,no,no
33,13,F,yes,no,no,yes,yes,no,yes,no,no,no,yes,no,yes,no,no,yes
34,12,M,yes,yes,yes,no,yes,yes,no,yes,no,yes,no,no,no,no,no,yes
35,48,F,yes,no,yes,no,yes,yes,no,no,yes,no,no,yes,yes,yes,no,no
36,17,M,no,yes,no,no,yes,no,no,yes,no,no,yes,yes,yes,yes,no,no
37,50,F,yes,no,yes,yes,no,no,no,no,no,no,no,yes,yes,no,no,no
38,15,F,no,yes,no,yes,yes,yes,no,no,yes,no,yes,yes,yes,no,no,no
39,32,F,no,yes,yes,no,yes,no,no,yes,no,no,no,yes,no,no,no,yes
40,25,F,no,no,no,no,yes,no,no,yes,no,yes,yes,yes,yes,no,no,no
41,47,F,no,yes,no,no,no,yes,no,no,yes,yes,yes,yes,yes,no,no,yes
42,13,F,yes,yes,yes,yes,no,no,no,no,no,no,yes,no,yes,yes,no,no
43,15,F,yes,no,no,yes,yes,no,no,no,no,no,yes,no,yes,no,no,no
44,17,F,yes,yes,yes,no,yes,yes,no,yes,no,yes,yes,no,yes,no,no,no
45,10,M,yes,no,no,yes,no,no,no,no,yes,no,yes,yes,no,no,no,no
46,23,F,yes,no,no,yes,no,no,no,yes,no,no,yes,yes,no,no,no,no
47,19,F,yes,no,yes,yes,no,no,no,no,no,yes,yes,no,yes,yes,no,no
48,8,F,yes,yes,no,no,yes,no,no,yes,no,yes,yes,no,yes,no,no,yes
49,16,M,no,yes,no,yes,yes,yes,no,no,no,no,yes,no,yes,yes,no,yes
50,8,F,yes,no,no,yes,yes,no,no,yes,yes,yes,no,yes,yes,yes,no,no
51,24,M,yes,no,no,yes,yes,no,no,no,no,no,no,yes,yes,yes,no,yes
52,35,M,yes,no,no,yes,yes,yes,no,yes,yes,no,yes,yes,yes,yes,no,no
53,10,F,yes,no,no,no,yes,yes,no,no,yes,no,no,yes,yes,no,no,yes
54,25,M,no,yes,no,yes,no,no,no,no,no,no,yes,yes,yes,no,no,no
55,13,F,yes,yes,yes,yes,yes,yes,no,no,no,no,yes,no,no,no,no,no
56,12,M,no,no,no,no,no,no,no,no,no,no,no,yes,yes,no,no,no
57,8,M,no,no,no,yes,yes,yes,no,no,no,no,yes,no,yes,yes,yes,no
58,18,M,yes,yes,no,yes,yes,yes,no,no,no,no,yes,no,yes,no,no,no
59,10,M,yes,yes,no,yes,yes,no,no,no,yes,yes,no,yes,yes,yes,no,no
60,10,F,yes,yes,yes,no,no,yes,no,no,no,no,yes,no,yes,no,yes,no
61,28,M,yes,yes,no,yes,yes,yes,no,no,no,no,yes,yes,yes,yes,no,no
62,47,F,no,no,no,yes,yes,no,no,no,no,no,no,yes,yes,no,yes,yes
63,27,F,no,no,no,no,no,yes,no,no,no,no,yes,yes,yes,yes,yes,yes
64,35,M,no,no,yes,yes,yes,yes,no,no,no,no,no,yes,no,yes,no,no
65,22,F,yes,no,yes,yes,yes,yes,yes,no,yes,yes,yes,yes,yes,yes,no,no
66,7,M,no,no,yes,yes,yes,no,no,yes,no,no,no,no,yes,no,no,yes
67,7,F,yes,yes,no,no,no,yes,no,no,no,no,yes,no,yes,no,no,yes
68,29,M,no,no,yes,no,yes,no,no,no,no,yes,yes,no,yes,yes,no,no
69,43,F,yes,no,yes,yes,yes,no,yes,no,yes,yes,yes,no,yes,no,no,no
70,11,F,yes,yes,no,no,yes,no,no,no,no,no,yes,yes,yes,yes,no,no
71,16,M,yes,no,no,yes,yes,yes,no,yes,yes,yes,yes,no,no,no,no,yes
72,43,F,no,no,yes,yes,yes,yes,no,yes,no,no,yes,no,yes,no,no,no
73,12,F,yes,yes,no,no,yes,yes,no,yes,no,no,yes,yes,no,no,no,no
74,28,F,yes,yes,no,no,yes,yes,no,yes,no,no,yes,yes,no,no,no,no
75,13,F,yes,yes,yes,yes,yes,no,no,no,yes,yes,yes,no,yes,yes,no,no
76,28,M,no,no,yes,no,yes,yes,no,yes,yes,yes,no,no,yes,no,no,no
77,42,F,no,yes,no,yes,yes,no,no,no,yes,yes,yes,no,yes,no,no,no
78,43,F,yes,yes,no,yes,no,no,no,no,yes,no,yes,yes,yes,no,no,yes
79,27,F,yes,no,yes,no,yes,no,no,yes,yes,no,yes,yes,yes,no,yes,no
80,41,F,yes,yes,yes,no,yes,yes,no,yes,yes,no,no,no,yes,no,no,no
81,42,F,yes,yes,no,no,yes,yes,no,no,yes,no,no,no,yes,yes,no,yes
82,21,F,no,no,yes,yes,no,no,no,no,yes,no,no,no,yes,yes,no,no
83,37,F,yes,yes,no,no,yes,no,no,no,no,no,yes,no,yes,no,no,no
84,15,F,yes,yes,no,yes,no,yes,no,no,no,no,yes,no,yes,yes,no,yes
85,22,F,yes,no,yes,no,yes,no,yes,yes,no,no,yes,yes,yes,no,no,yes
86,40,M,yes,no,no,yes,yes,yes,no,no,yes,yes,yes,no,yes,no,no,no
87,1,M,yes,yes,no,no,no,no,no,no,no,no,yes,no,yes,no,no,yes
88,7,F,yes,yes,no,yes,yes,yes,no,no,no,no,yes,no,yes,yes,no,no
89,48,M,yes,no,no,no,no,no,no,yes,no,no,no,yes,yes,no,no,no
90,9,M,no,no,yes,yes,yes,no,no,no,yes,no,yes,yes,yes,no,no,no
91,36,M,yes,yes,yes,no,no,yes,yes,yes,yes,no,no,yes,no,no,no,yes
92,4,F,yes,yes,no,no,yes,yes,no,yes,yes,no,no,yes,no,yes,yes,yes
93,36,F,no,no,yes,yes,yes,yes,no,no,yes,no,yes,no,no,yes,yes,no
94,48,M,no,yes,no,no,yes,yes,no,no,no,no,no,no,yes,no,yes,yes
95,46,M,yes,yes,no,yes,yes,no,no,yes,no,no,yes,no,yes,no,no,no
96,38,M,no,no,no,yes,no,no,no,no,yes,no,no,yes,yes,yes,no,no
97,46,F,yes,yes,no,no,no,yes,no,no,no,no,no,yes,yes,no,no,yes
98,39,M,no,no,yes,yes,no,no,no,no,no,no,yes,no,yes,no,yes,no
99,26,M,no,yes,yes,yes,yes,no,no,yes,no,yes,yes,yes,yes,yes,no,no
100,21,F,yes,no,no,yes,no,yes,no,no,yes,no,yes,no,yes,no,no,no
101,2,M,yes,yes,no,yes,yes,no,no,no,no,no,no,no,yes,no,no,no
102,10,F,no,no,yes,yes,yes,no,no,yes,yes,no,no,yes,yes,no,no,no
103,2,M,yes,yes,yes,no,no,no,no,no,no,no,yes,yes,no,no,no,no
104,8,M,yes,no,no,no,yes,yes,no,no,no,no,yes,no,yes,no,yes,yes
105,6,F,yes,no,no,yes,no,no,no,no,no,no,no,yes,no,no,no,yes
106,30,M,yes,yes,no,yes,yes,no,no,yes,yes,yes,yes,yes,yes,yes,no,yes
107,37,M,yes,no,yes,yes,no,no,no,no,no,no,yes,yes,no,no,no,yes
108,3,F,yes,yes,no,yes,no,no,no,yes,no,yes,no,yes,yes,no,no,no
109,36,F,yes,no,yes,no,yes,yes,no,yes,no,no,no,no,yes,no,no,no
110,32,M,yes,yes,yes,no,yes,no,no,no,no,yes,no,yes,yes,no,no,yes
111,37,M,yes,yes,no,yes,no,no,yes,no,no,no,yes,yes,yes,no,no,no
112,17,F,yes,no,yes,no,yes,yes,no,no,yes,no,yes,no,yes,no,no,no
113,8,M,no,yes,no,yes,no,no,no,no,yes,no,yes,yes,yes,no,yes,yes
114,7,F,no,yes,no,no,yes,no,no,yes,no,no,no,yes,no,yes,no,yes
115,24,M,yes,yes,no,no,yes,no,no,no,yes,no,no,no,yes,no,no,no
116,35,F,yes,yes,yes,no,yes,no,no,no,no,yes,yes,yes,yes,no,no,yes
117,10,F,no,no,no,no,no,no,yes,no,yes,no,no,no,no,no,yes,yes
118,41,M,yes,no,no,no,yes,no,no,yes,no,yes,no,yes,yes,no,no,no
119,10,F,yes,no,yes,yes,yes,no,no,yes,no,no,yes,no,yes,no,yes,no
120,41,F,yes,yes,yes,no,yes,no,no,no,yes,no,yes,yes,yes,no,no,yes
121,9,M,yes,yes,yes,yes,yes,no,no,yes,no,no,yes,no,no,no,no,yes
122,13,M,yes,yes,no,yes,yes,yes,yes,yes,no,no,no,yes,yes,yes,no,no
123,2,M,yes,no,no,no,yes,yes,yes,yes,no,no,yes,yes,yes,no,no,yes
124,43,F,yes,yes,no,no,no,no,yes,no,no,no,yes,yes,yes,no,no,no
125,48,F,yes,no,yes,yes,yes,no,no,no,no,yes,no,no,yes,yes,no,no
126,26,M,yes,no,no,no,yes,no,no,no,no,yes,no,yes,no,no,no,no
127,21,M,yes,no,no,no,yes,no,no,yes,yes,no,yes,yes,yes,no,no,no
128,22,F,no,no,no,yes,yes,no,no,yes,no,yes,no,yes,yes,no,no,no
129,19,M,no,yes,no,yes,yes,yes,no,yes,no,yes,yes,yes,yes,yes,no,no
130,6,M,yes,yes,no,yes,no,no,no,no,yes,yes,no,yes,yes,no,no,yes
131,32,M,yes,yes,yes,yes,yes,yes,no,yes,no,no,yes,yes,no,no,no,no
132,14,M,yes,yes,no,yes,yes,no,no,no,yes,yes,yes,yes,yes,yes,yes,no
133,11,M,yes,no,no,yes,yes,no,no,no,yes,yes,yes,no,yes,yes,no,yes
134,33,M,no,no,no,no,no,no,no,no,no,yes,yes,no,no,yes,yes,no
135,42,M,yes,yes,no,no,yes,no,no,yes,no,no,yes,no,yes,no,no,no
136,13,F,yes,yes,no,no,yes,yes,no,yes,yes,no,no,no,no,no,no,yes
137,40,F,yes,no,no,no,yes,yes,no,no,no,no,yes,yes,yes,no,no,yes
138,22,M,yes,yes,yes,no,yes,no,no,no,no,yes,yes,no,yes,no,no,yes
139,43,F,yes,no,yes,yes,yes,no,no,no,yes,no,yes,yes,yes,no,no,no
140,14,M,yes,yes,no,no,yes,yes,no,yes,yes,no,yes,no,yes,no,yes,no
141,16,F,no,yes,no,yes,yes,yes,no,no,yes,no,yes,yes,yes,no,no,yes
142,17,F,yes,no,yes,yes,no,no,no,no,no,yes,yes,no,yes,no,no,yes
143,24,F,yes,yes,yes,yes,yes,no,yes,yes,no,no,yes,no,yes,yes,yes,no
144,25,F,no,no,no,yes,yes,no,no,no,no,no,yes,yes,yes,no,no,no
145,12,F,yes,no,no,yes,no,no,no,no,no,no,no,no,yes,no,yes,yes
146,31,M,no,yes,no,no,no,no,no,no,no,no,no,no,yes,no,no,no
147,10,M,yes,yes,no,yes,yes,no,yes,yes,no,yes,no,yes,no,no,no,no
148,43,M,yes,yes,yes,no,no,no,no,no,yes,no,yes,yes,yes,no,yes,no
149,45,M,no,no,no,no,yes,no,no,no,yes,yes,yes,yes,no,no,no,no
150,37,M,yes,no,no,no,yes,no,yes,no,no,no,yes,yes,yes,no,no,yes
151,12,F,yes,no,no,no,yes,no,no,yes,no,no,no,yes,yes,no,yes,yes
152,49,M,yes,no,no,no,yes,no,no,no,no,yes,yes,no,no,yes,no,yes
153,36,F,no,no,no,no,yes,yes,no,no,no,yes,yes,no,yes,no,no,yes
154,22,M,yes,yes,no,yes,yes,yes,no,yes,no,no,yes,no,yes,no,no,yes
155,29,M,yes,no,no,no,no,no,no,no,yes,yes,yes,no,yes,no,no,no
156,27,F,yes,yes,no,yes,yes,no,no,no,no,yes,yes,no,yes,no,no,no
157,9,M,yes,yes,no,yes,no,yes,no,no,no,no,no,yes,yes,no,yes,no
158,50,M,no,yes,no,yes,yes,yes,no,no,no,no,yes,no,yes,no,no,no
159,44,M,yes,no,yes,yes,no,yes,no,no,yes,no,yes,no,yes,no,no,no
160,28,F,yes,no,no,no,yes,no,no,no,no,yes,no,yes,yes,yes,no,yes
161,23,M,yes,yes,yes,yes,yes,yes,no,yes,yes,yes,yes,no,no,no,no,no
162,30,F,no,yes,no,yes,no,no,no,yes,no,no,no,no,yes,yes,no,no
163,4,M,yes,yes,no,no,yes,no,no,no,yes,yes,yes,no,yes,no,no,no
164,38,M,yes,no,no,yes,yes,no,no,no,no,yes,yes,no,yes,no,no,no
165,24,F,yes,no,yes,no,no,yes,no,yes,no,no,yes,yes,yes,no,no,yes
166,34,F,yes,no,no,yes,yes,yes,no,yes,no,no,no,no,yes,yes,yes,no
167,37,F,yes,yes,yes,no,yes,no,no,yes,no,no,yes,no,yes,yes,no,no
168,30,F,yes,no,no,no,no,no,yes,no,no,no,no,yes,yes,no,yes,yes
169,4,M,yes,no,no,yes,yes,yes,no,no,yes,no,yes,yes,yes,yes,no,no
170,40,F,yes,no,no,yes,yes,no,no,no,yes,no,yes,no,yes,no,no,no
171,32,M,yes,yes,yes,yes,no,no,no,no,yes,yes,yes,yes,yes,yes,no,no
172,38,M,yes,yes,no,yes,yes,yes,no,yes,yes,no,yes,no,no,no,no,yes
173,39,F,yes,no,no,yes,yes,yes,no,no,no,no,no,yes,yes,no,yes,no
174,29,M,yes,no,no,no,yes,no,no,no,no,no,no,yes,yes,no,no,no
175,12,M,yes,no,no,no,no,no,no,no,no,no,yes,yes,yes,yes,yes,no
176,21,M,no,no,yes,no,yes,no,no,yes,yes,yes,no,no,yes,no,no,yes
177,30,M,no,no,no,no,yes,yes,no,no,yes,yes,yes,yes,yes,no,no,no
178,4,F,yes,yes,no,no,yes,yes,no,yes,no,no,no,no,yes,no,no,no
179,9,F,yes,yes,yes,yes,yes,no,no,no,no,no,no,yes,yes,no,no,no
180,30,F,yes,yes,no,no,no,yes,no,no,yes,no,yes,yes,yes,no,no,no
181,42,F,yes,no,yes,yes,yes,no,no,no,no,no,yes,no,yes,no,no,no
182,39,M,no,yes,no,no,yes,yes,no,no,no,no,yes,no,yes,no,no,yes
183,19,M,yes,yes,yes,no,yes,no,yes,yes,yes,no,no,no,yes,yes,no,no
184,32,F,yes,yes,no,no,no,no,no,yes,no,no,yes,yes,yes,yes,no,no
185,45,M,yes,yes,yes,no,yes,yes,no,no,yes,no,yes,no,yes,yes,no,no
186,11,M,yes,no,yes,no,no,yes,no,yes,no,no,yes,yes,no,yes,no,no
187,4,M,yes,yes,no,no,no,no,no,yes,yes,yes,yes,no,no,yes,no,no
188,6,M,yes,yes,yes,yes,yes,yes,no,no,no,no,no,no,yes,no,no,no
189,30,F,yes,yes,no,no,yes,no,no,yes,no,no,yes,yes,yes,no,yes,no
190,15,M,no,no,no,no,no,yes,no,yes,no,no,no,no,yes,no,no,no
191,48,F,yes,no,no,yes,yes,yes,no,no,yes,no,no,no,yes,no,no,yes
192,36,F,no,no,no,no,yes,yes,no,yes,no,no,yes,no,yes,no,no,no
193,30,M,yes,no,yes,yes,no,yes,no,no,no,no,yes,yes,yes,no,no,yes
194,13,F,no,no,no,no,yes,no,no,no,no,no,yes,no,yes,no,no,yes
195,45,M,no,yes,yes,yes,yes,no,no,yes,no,no,yes,no,no,no,no,yes
196,21,F,yes,yes,no,no,yes,yes,no,no,no,yes,yes,yes,yes,no,no,no
197,6,M,yes,no,no,no,yes,yes,no,no,yes,no,yes,no,yes,no,no,yes
198,32,M,yes,yes,no,no,yes,yes,no,no,yes,no,yes,no,yes,no,no,no
199,10,M,no,yes,no,yes,yes,no,no,no,yes,no,yes,yes,yes,no,no,yes
200,44,F,yes,yes,no,no,yes,no,no,no,yes,no,yes,no,yes,no,no,no
201,26,F,yes,no,yes,yes,no,no,no,no,yes,no,no,no,yes,no,no,no
202,6,F,yes,yes,yes,yes,yes,yes,yes,no,no,no,yes,yes,yes,no,no,no
203,22,M,no,no,no,yes,yes,no,no,no,no,no,yes,yes,yes,no,no,no
204,20,F,yes,no,no,no,yes,no,no,yes,yes,no,yes,yes,yes,no,no,yes
205,38,F,no,yes,no,no,yes,no,no,no,no,yes,yes,no,yes,no,no,yes
206,4,F,yes,yes,no,no,yes,no,no,no,no,yes,yes,yes,yes,no,no,yes
207,46,M,yes,yes,no,yes,no,no,no,yes,no,yes,yes,yes,yes,yes,no,no
208,23,F,yes,no,no,no,yes,no,no,no,no,yes,yes,yes,yes,no,no,yes
209,48,F,no,no,yes,yes,no,no,no,no,no,no,yes,yes,yes,no,no,yes
210,41,F,no,yes,no,yes,yes,yes,no,no,yes,no,no,no,no,yes,no,no
211,13,F,no,yes,no,yes,no,yes,no,no,no,no,yes,yes,no,no,no,no
212,39,F,yes,no,yes,no,yes,yes,no,yes,no,no,yes,yes,yes,no,no,no
213,14,F,no,yes,no,no,no,no,no,no,yes,no,no,yes,yes,no,no,no
214,47,F,no,yes,no,yes,yes,no,no,no,no,no,yes,yes,no,yes,no,no
215,5,M,yes,yes,yes,yes,no,no,no,no,no,no,no,yes,no,no,no,no
216,37,M,yes,no,yes,yes,yes,yes,no,no,yes,no,yes,yes,no,no,no,no
217,26,F,yes,no,no,yes,yes,no,no,yes,no,no,no,yes,yes,yes,no,no
218,30,F,no,no,no,yes,no,no,no,no,no,no,yes,no,yes,no,no,no
219,19,F,yes,yes,no,no,no,no,no,no,yes,yes,no,no,yes,no,no,no
220,41,F,yes,yes,no,no,yes,yes,no,no,no,yes,yes,yes,yes,no,no,yes
221,30,M,yes,yes,no,no,yes,no,yes,yes,no,no,no,yes,yes,no,no,yes
222,40,M,yes,yes,no,yes,yes,no,no,yes,yes,no,yes,yes,yes,no,no,yes
223,17,M,no,no,yes,yes,yes,no,no,no,no,yes,yes,no,no,yes,no,no
224,4,M,yes,yes,yes,no,no,no,no,yes,no,yes,no,no,yes,no,no,yes
225,37,M,yes,yes,yes,yes,yes,yes,no,no,no,yes,yes,no,no,yes,no,no
226,15,F,yes,yes,yes,yes,yes,no,yes,no,no,no,yes,yes,yes,yes,no,yes
227,48,F,yes,yes,no,no,yes,yes,no,no,yes,no,no,yes,yes,no,yes,yes
228,18,F,no,no,no,no,no,no,no,yes,yes,yes,no,yes,yes,no,no,no
229,16,F,yes,yes,no,no,no,no,no,no,no,yes,yes,no,yes,no,no,no
230,37,F,yes,yes,no,no,no,no,no,no,no,no,no,no,yes,no,no,no
231,11,F,yes,yes,yes,no,yes,no,no,no,yes,no,yes,yes,yes,yes,no,no
232,9,M,yes,no,no,no,yes,no,no,yes,yes,no,yes,no,yes,no,no,yes
233,8,F,yes,yes,no,yes,yes,yes,no,no,yes,no,no,yes,yes,no,no,no
234,44,F,yes,no,no,yes,no,yes,no,yes,yes,no,yes,no,yes,yes,no,no
235,46,F,yes,no,yes,no,yes,no,no,no,no,no,yes,yes,yes,no,no,yes
236,5,F,yes,no,no,yes,no,yes,no,yes,yes,no,yes,yes,yes,no,no,no
237,41,F,no,no,yes,yes,yes,yes,no,no,yes,no,yes,no,yes,no,no,yes
238,10,F,yes,no,no,yes,yes,yes,no,no,no,no,no,no,yes,no,no,yes
239,21,F,no,no,no,yes,yes,no,no,no,no,no,yes,yes,yes,yes,no,yes
240,23,F,yes,no,yes,yes,yes,no,no,no,no,no,yes,yes,yes,no,no,no
241,48,M,yes,yes,no,no,no,yes,no,no,no,no,no,no,yes,no,no,no
242,27,M,yes,no,yes,no,yes,yes,yes,no,no,yes,no,no,yes,no,no,yes
243,9,F,yes,yes,no,no,no,no,no,no,no,no,yes,yes,yes,yes,yes,no
244,6,F,yes,yes,no,no,yes,no,no,no,no,no,yes,no,yes,yes,no,no
245,24,F,yes,no,no,yes,no,no,no,no,no,no,yes,yes,yes,no,no,yes
246,40,M,yes,yes,no,no,yes,no,no,no,no,no,yes,yes,yes,no,yes,yes
247,3,F,yes,no,no,yes,yes,yes,yes,no,no,no,no,no,yes,yes,yes,no
248,39,M,yes,no,no,no,yes,yes,no,no,no,no,yes,yes,yes,no,no,no
249,4,F,yes,yes,yes,no,yes,no,no,no,yes,yes,yes,yes,no,yes,yes,yes
250,7,F,yes,yes,yes,no,yes,yes,yes,no,no,no,no,no,yes,no,no,yes
251,45,M,yes,no,no,yes,no,no,no,yes,no,no,yes,yes,yes,no,no,no
252,29,M,yes,yes,yes,no,yes,yes,no,no,no,yes,no,yes,yes,no,no,no
253,15,M,yes,yes,yes,no,yes,no,no,no,no,no,no,yes,yes,no,no,yes
254,45,F,no,no,no,yes,yes,no,yes,yes,yes,yes,yes,no,no,no,no,no
255,29,F,no,yes,no,yes,yes,no,no,yes,yes,yes,yes,yes,no,no,no,no
256,18,M,no,yes,no,no,no,yes,no,yes,no,no,yes,yes,yes,no,no,no
257,17,M,yes,yes,yes,no,yes,no,no,no,no,no,yes,no,yes,no,no,no
258,20,M,no,yes,yes,no,no,no,no,no,no,no,yes,no,yes,no,no,yes
259,19,F,yes,no,yes,yes,yes,no,no,yes,no,no,yes,yes,yes,no,no,yes
260,10,F,no,no,no,no,yes,yes,no,yes,no,no,no,yes,yes,no,no,no
261,44,F,yes,no,no,yes,no,yes,yes,no,no,yes,yes,yes,yes,no,no,no
262,6,F,no,no,no,yes,no,no,no,no,no,no,yes,yes,yes,no,yes,no
263,29,M,yes,yes,no,no,no,yes,no,no,no,no,no,yes,yes,no,no,no
264,4,M,no,yes,no,yes,yes,no,no,no,yes,yes,no,yes,yes,no,no,no
265,43,M,yes,no,no,no,yes,no,no,no,yes,yes,yes,yes,yes,no,no,no
266,39,M,yes,no,no,yes,yes,yes,no,no,yes,no,no,no,yes,no,yes,yes
267,13,F,yes,no,no,yes,yes,no,no,yes,yes,no,yes,no,yes,no,no,no
268,23,F,yes,yes,no,no,yes,no,no,no,no,yes,yes,no,yes,no,no,yes
269,9,M,yes,yes,no,yes,no,no,no,yes,yes,no,no,yes,yes,yes,no,yes
270,8,M,no,no,no,yes,yes,yes,no,no,no,no,yes,yes,no,yes,no,no
271,34,F,yes,no,no,no,no,no,no,yes,no,no,yes,no,yes,no,no,yes
272,32,M,no,yes,no,yes,yes,no,no,yes,yes,no,yes,yes,yes,no,no,no
273,13,F,yes,yes,no,yes,no,no,no,no,yes,no,no,yes,yes,no,no,yes
274,2,F,no,no,yes,yes,no,no,no,no,no,no,no,yes,no,no,no,yes
275,32,F,yes,no,no,no,no,yes,no,yes,no,no,yes,no,yes,no,no,yes
276,46,M,yes,no,yes,no,no,no,no,no,no,no,yes,no,yes,no,no,yes
277,26,F,yes,no,yes,no,no,no,no,no,yes,no,yes,no,yes,yes,no,no
278,13,F,yes,yes,no,no,yes,no,no,yes,no,no,no,yes,yes,no,no,no
279,21,F,yes,no,yes,yes,yes,no,no,no,yes,no,no,no,no,no,no,no
280,40,M,no,yes,yes,yes,yes,yes,no,no,no,no,yes,no,yes,no,no,no
281,7,M,yes,yes,no,no,no,no,no,no,yes,yes,yes,no,yes,no,no,no
282,12,M,yes,no,no,yes,yes,no,no,no,no,no,no,no,yes,yes,no,no
283,24,M,no,no,yes,no,yes,no,no,no,yes,no,no,no,yes,no,no,no
284,15,M,yes,yes,no,yes,yes,yes,no,yes,no,yes,no,no,yes,no,no,yes
285,4,F,yes,no,no,no,yes,yes,no,yes,no,no,yes,no,yes,no,no,yes
286,12,M,yes,yes,yes,no,yes,yes,no,no,no,no,no,yes,yes,no,no,no
287,11,M,yes,yes,no,yes,yes,no,no,yes,no,no,yes,yes,yes,no,no,no
288,21,F,yes,yes,no,no,yes,no,no,no,no,no,yes,yes,yes,yes,no,yes
289,16,M,yes,no,no,no,no,yes,no,no,no,yes,yes,no,yes,yes,yes,yes
290,39,F,yes,no,no,no,no,yes,no,no,no,yes,yes,no,yes,no,no,no
291,24,F,yes,no,yes,no,no,no,no,yes,no,yes,yes,no,yes,no,no,no
292,15,F,no,yes,yes,no,yes,no,no,no,yes,no,no,no,yes,no,no,yes
293,24,F,yes,no,no,yes,yes,no,no,no,no,no,yes,yes,yes,no,no,no
294,8,F,no,no,yes,yes,no,no,no,no,yes,no,yes,no,yes,no,yes,yes
295,44,F,no,yes,no,yes,no,yes,no,no,no,yes,yes,no,yes,yes,no,yes
296,28,M,yes,no,yes,yes,yes,yes,no,no,no,no,no,no,yes,no,no,yes
297,12,F,yes,yes,no,yes,yes,no,no,yes,no,no,no,no,yes,yes,no,yes
298,35,M,yes,no,no,no,no,yes,no,yes,yes,no,yes,no,yes,yes,yes,yes
299,29,F,yes,no,no,yes,yes,no,no,no,yes,yes,yes,yes,yes,no,no,no
300,9,M,yes,no,no,no,no,no,no,no,no,no,yes,no,yes,no,no,no
301,48,M,yes,yes,no,no,yes,no,no,no,no,yes,yes,yes,no,no,yes,no
302,40,F,yes,no,yes,yes,yes,yes,no,no,no,yes,no,no,yes,yes,no,no
303,38,F,yes,no,no,no,yes,yes,no,yes,yes,yes,yes,yes,yes,yes,no,no
304,26,M,yes,yes,yes,no,yes,yes,no,no,yes,yes,yes,yes,yes,no,yes,no
305,3,F,yes,no,no,yes,no,yes,no,no,no,no,no,no,yes,no,no,no
306,11,F,yes,yes,yes,yes,yes,no,no,yes,no,no,yes,no,yes,yes,no,yes
307,39,M,yes,yes,yes,yes,yes,yes,yes,yes,yes,no,yes,yes,yes,yes,yes,yes
308,5,M,yes,no,yes,yes,yes,no,yes,no,no,no,no,no,yes,no,no,no
309,23,F,yes,no,yes,no,no,no,no,yes,no,no,yes,no,yes,no,no,yes
310,27,F,yes,yes,yes,no,yes,yes,no,no,no,no,yes,no,yes,no,no,yes
311,4,F,yes,yes,yes,no,no,no,no,no,no,yes,no,no,yes,yes,no,no
312,34,F,no,yes,yes,no,no,no,no,no,no,yes,no,yes,yes,no,no,no
313,9,M,yes,no,no,no,no,no,no,yes,no,yes,yes,no,no,yes,no,yes
314,41,M,yes,yes,no,no,yes,no,no,yes,yes,no,no,no,yes,yes,no,yes
315,43,M,no,yes,yes,yes,yes,yes,no,no,yes,no,yes,yes,no,no,no,no
316,41,M,yes,yes,no,yes,no,yes,no,no,no,no,yes,yes,yes,no,no,no
317,32,F,no,yes,yes,no,yes,yes,no,yes,no,yes,no,no,yes,no,no,no
318,11,M,yes,no,yes,no,yes,no,no,no,no,yes,yes,yes,yes,no,no,no
319,4,M,no,yes,no,no,yes,yes,no,no,no,no,yes,yes,no,yes,no,yes
320,18,M,no,yes,yes,yes,yes,yes,no,no,yes,no,no,no,yes,no,no,no
321,39,M,yes,no,yes,no,yes,yes,no,no,yes,no,yes,no,yes,no,no,yes
322,28,M,no,yes,yes,yes,no,yes,no,no,yes,no,yes,no,yes,no,yes,yes
323,27,M,yes,yes,yes,yes,no,no,no,no,no,yes,yes,no,yes,yes,no,no
324,43,M,no,no,yes,yes,no,yes,no,no,no,yes,no,no,no,no,no,no
325,9,F,yes,no,yes,no,no,no,no,no,yes,no,no,yes,yes,no,no,no
326,29,F,yes,no,yes,no,yes,no,no,yes,yes,no,yes,no,yes,no,no,no
327,10,F,no,yes,no,no,yes,yes,no,no,no,yes,yes,yes,yes,no,no,yes
328,16,M,no,no,no,no,yes,no,no,no,no,no,no,no,yes,no,yes,yes
329,8,M,yes,yes,yes,yes,yes,no,no,no,yes,yes,yes,yes,yes,no,no,no
330,12,M,yes,yes,no,no,yes,no,yes,no,no,yes,yes,no,yes,no,no,no
331,45,F,yes,no,no,no,yes,no,no,no,no,yes,yes,no,yes,no,no,yes
332,43,F,no,yes,no,no,yes,no,no,yes,yes,no,no,yes,yes,yes,no,no
333,3,F,yes,no,no,no,yes,yes,no,no,no,yes,yes,no,yes,no,no,yes
334,10,F,yes,no,yes,no,no,yes,no,no,no,no,no,yes,yes,no,no,yes
335,8,F,no,yes,no,no,yes,no,no,yes,no,no,yes,no,yes,no,yes,no
336,46,F,no,yes,no,no,yes,no,no,no,yes,no,yes,yes,no,no,no,no
337,33,M,yes,yes,yes,yes,yes,no,yes,no,no,yes,yes,yes,yes,no,yes,no
338,39,F,yes,no,yes,yes,yes,no,no,no,no,no,yes,no,yes,no,no,yes
339,35,F,no,no,yes,yes,no,no,no,no,no,no,yes,yes,yes,no,no,no
340,14,F,yes,yes,no,no,no,no,no,no,no,yes,yes,no,no,yes,no,yes
341,20,F,no,yes,no,yes,yes,yes,no,no,no,no,yes,yes,no,yes,no,yes
342,32,F,no,no,no,no,yes,no,no,yes,yes,no,yes,yes,yes,no,no,no
343,5,F,yes,no,yes,no,yes,no,no,yes,no,no,yes,no,yes,no,no,yes
344,44,F,no,yes,yes,no,yes,yes,no,no,no,no,no,yes,yes,no,no,no
345,28,F,yes,no,no,no,yes,yes,no,no,no,no,yes,no,yes,yes,no,no
346,43,M,yes,no,no,no,yes,yes,no,no,yes,yes,no,yes,yes,yes,no,no
347,2,M,yes,no,no,no,yes,no,no,no,no,no,yes,no,yes,no,no,no
348,32,F,yes,yes,no,yes,yes,yes,yes,no,yes,no,no,yes,yes,yes,no,no
349,16,F,no,yes,no,yes,yes,yes,no,no,no,yes,yes,no,no,no,no,no
350,8,M,yes,yes,no,yes,no,no,no,no,yes,yes,yes,no,yes,yes,no,no
351,36,F,yes,yes,yes,no,yes,no,no,yes,yes,no,yes,yes,yes,no,yes,no
352,15,F,yes,no,no,yes,yes,yes,no,no,no,no,no,no,yes,no,no,no
353,25,F,yes,no,no,no,yes,yes,no,yes,no,no,no,no,yes,no,no,no
354,34,F,yes,no,no,no,yes,yes,yes,yes,no,no,no,yes,yes,no,yes,no
355,46,F,yes,yes,no,yes,no,yes,no,no,yes,yes,no,yes,yes,no,no,yes
356,32,F,yes,no,no,no,yes,no,no,no,yes,yes,yes,no,no,yes,no,yes
357,32,M,yes,yes,no,no,yes,no,no,no,no,no,no,yes,yes,no,no,no
358,5,F,yes,yes,yes,no,yes,no,no,no,yes,no,yes,no,no,no,no,yes
359,35,F,no,yes,no,yes,yes,yes,no,no,no,no,no,yes,yes,yes,yes,no
360,22,M,yes,yes,no,no,yes,no,no,no,no,yes,no,no,yes,no,yes,no
361,26,F,yes,no,yes,no,yes,yes,no,yes,no,no,yes,no,yes,no,no,no
362,35,M,no,no,no,yes,yes,no,no,no,no,yes,yes,no,yes,no,no,no
363,30,F,yes,yes,no,no,yes,yes,no,no,yes,no,no,no,yes,no,no,no
364,11,F,yes,no,no,no,yes,no,no,no,no,no,yes,yes,no,no,no,no
365,43,M,no,no,yes,no,yes,no,no,no,yes,no,yes,no,no,no,no,no
366,11,M,yes,no,no,yes,no,no,no,no,no,no,yes,no,yes,no,no,no
367,3,M,yes,yes,no,no,yes,yes,no,no,no,no,yes,no,yes,yes,no,yes
368,19,M,yes,no,yes,no,yes,no,no,yes,no,yes,yes,no,yes,no,no,yes
369,4,M,yes,no,no,yes,yes,no,no,yes,no,no,yes,yes,yes,no,no,yes
370,13,M,yes,no,no,yes,no,no,no,no,yes,yes,yes,no,yes,no,no,yes
371,7,M,yes,yes,no,yes,yes,yes,no,no,no,no,yes,yes,yes,no,no,no
372,35,M,yes,no,yes,no,yes,no,no,yes,no,yes,yes,no,yes,no,no,yes
373,25,F,yes,no,yes,yes,no,yes,no,yes,yes,no,yes,yes,yes,no,no,no
374,4,F,yes,no,yes,no,yes,no,no,yes,no,no,yes,yes,yes,yes,no,yes
375,9,F,yes,no,no,yes,yes,no,no,no,yes,no,yes,no,yes,no,no,no
376,36,M,yes,yes,yes,no,no,no,no,yes,no,yes,yes,no,yes,yes,yes,no
377,22,M,yes,no,no,yes,yes,no,no,no,yes,no,no,yes,yes,yes,no,no
378,46,M,yes,yes,no,no,yes,yes,no,yes,no,yes,yes,yes,yes,yes,yes,yes
379,18,M,no,no,no,no,yes,yes,no,yes,no,no,no,yes,yes,no,no,no
380,7,F,yes,yes,no,yes,yes,yes,no,no,no,no,no,no,yes,no,no,no
381,19,M,yes,yes,no,yes,no,yes,no,yes,yes,no,yes,no,yes,no,yes,no
382,27,F,no,yes,no,yes,yes,no,no,no,yes,no,yes,no,yes,yes,no,no
383,46,F,yes,no,no,no,yes,yes,no,yes,yes,no,no,yes,yes,no,no,no
384,22,F,yes,yes,yes,no,yes,no,no,no,no,no,yes,yes,yes,no,no,yes
385,32,M,no,no,no,yes,yes,yes,yes,yes,yes,no,yes,yes,yes,no,no,no
386,28,F,yes,yes,yes,no,yes,no,no,no,no,no,no,no,no,yes,no,no
387,2,F,yes,yes,no,yes,no,yes,no,yes,yes,yes,yes,no,yes,yes,no,yes
388,39,F,no,yes,no,no,yes,no,no,no,yes,no,yes,yes,yes,yes,no,no
389,27,F,yes,no,no,yes,no,no,no,no,yes,yes,no,yes,no,no,no,no
390,18,F,yes,yes,no,yes,yes,no,no,yes,no,yes,yes,yes,yes,no,yes,no
391,18,F,no,yes,no,yes,yes,no,no,no,no,yes,yes,no,no,yes,no,yes
392,34,F,no,yes,no,no,no,yes,no,yes,no,no,no,yes,yes,no,no,no
393,40,M,no,yes,no,no,yes,no,no,yes,no,no,yes,yes,yes,no,yes,no
394,23,F,yes,yes,no,yes,yes,no,no,no,no,no,yes,no,yes,yes,no,no
395,23,M,yes,yes,yes,no,yes,no,no,yes,no,no,yes,yes,no,no,no,yes
396,2,F,yes,yes,no,yes,yes,yes,yes,yes,no,no,yes,no,yes,no,no,no
397,27,F,yes,yes,no,no,yes,no,no,no,no,no,yes,yes,yes,yes,no,no
398,16,F,yes,no,no,yes,yes,yes,no,no,yes,yes,no,yes,yes,no,no,yes
399,24,M,yes,no,yes,yes,yes,no,no,yes,yes,no,yes,yes,yes,no,yes,no
400,3,M,no,yes,yes,yes,yes,no,no,yes,no,no,yes,yes,yes,no,yes,yes
401,45,M,no,yes,no,yes,yes,yes,no,yes,no,yes,yes,yes,yes,no,yes,yes
402,47,M,yes,no,yes,no,yes,yes,no,yes,no,no,yes,no,yes,yes,no,no
403,43,F,yes,yes,no,no,yes,no,no,yes,yes,no,yes,no,yes,no,no,yes
404,30,M,no,yes,no,no,no,no,no,no,no,no,yes,no,yes,no,no,yes
405,9,M,yes,yes,no,yes,yes,no,yes,no,yes,yes,yes,yes,yes,no,yes,no
406,20,M,yes,no,yes,yes,yes,yes,yes,no,yes,no,yes,no,yes,no,no,no
407,18,F,yes,no,no,yes,yes,no,no,no,no,no,yes,yes,yes,no,no,no
408,24,M,yes,no,yes,no,yes,no,no,no,no,no,no,no,yes,yes,no,yes
409,32,F,yes,yes,no,no,yes,no,no,no,no,no,yes,no,yes,no,yes,no
410,7,M,yes,yes,no,no,yes,yes,no,yes,yes,no,no,yes,yes,no,no,yes
411,15,M,yes,yes,yes,no,yes,yes,no,no,yes,no,no,no,yes,no,no,no
412,14,M,yes,no,no,yes,no,no,no,no,no,no,no,no,no,no,no,no
413,22,F,yes,yes,no,yes,yes,no,no,no,no,no,yes,yes,yes,no,no,no
414,11,F,yes,yes,yes,yes,no,no,no,no,yes,yes,no,yes,yes,no,no,no
415,48,F,yes,no,no,no,yes,yes,no,no,no,no,no,yes,no,no,no,yes
416,47,M,yes,yes,no,no,yes,no,no,no,no,no,yes,yes,yes,no,no,yes
417,43,M,yes,yes,yes,no,yes,no,no,no,no,no,yes,no,yes,no,no,no
418,16,M,yes,no,yes,yes,no,yes,no,no,no,yes,yes,no,yes,yes,no,no
419,35,F,yes,yes,no,no,yes,no,no,yes,no,yes,no,yes,yes,no,no,no
420,20,F,no,yes,no,yes,yes,yes,no,no,yes,no,yes,yes,yes,no,no,no
421,44,M,yes,no,yes,yes,yes,no,no,no,yes,no,yes,no,yes,yes,no,yes
422,15,F,yes,yes,yes,no,yes,no,no,yes,yes,yes,yes,yes,yes,yes,no,no
423,19,F,yes,no,no,yes,yes,yes,no,yes,yes,yes,yes,no,yes,no,no,no
424,46,M,no,yes,no,yes,yes,no,no,no,yes,no,no,yes,yes,no,no,yes
425,48,M,yes,no,no,no,yes,yes,no,yes,no,yes,yes,no,yes,no,yes,no
426,40,F,yes,yes,no,no,no,no,no,no,no,no,no,no,yes,yes,no,no
427,8,M,yes,yes,no,yes,yes,yes,no,no,yes,no,no,no,yes,no,no,yes
428,2,F,yes,yes,no,yes,yes,no,no,yes,no,yes,yes,yes,yes,no,no,no
429,45,F,yes,yes,yes,no,yes,no,no,no,no,no,no,yes,yes,no,yes,no
430,50,M,yes,no,no,yes,no,yes,no,yes,yes,yes,yes,no,yes,no,yes,no
431,38,M,yes,no,no,yes,yes,no,no,yes,no,no,yes,yes,no,no,no,no
432,26,F,yes,yes,yes,no,no,no,no,no,yes,no,yes,yes,no,no,no,no
433,47,F,no,yes,no,yes,yes,yes,no,no,no,no,yes,no,yes,no,no,no
434,45,F,yes,yes,no,no,yes,no,no,yes,no,yes,yes,yes,yes,yes,yes,no
435,42,F,no,yes,no,yes,no,yes,no,yes,yes,no,no,no,yes,no,no,yes
436,12,F,yes,no,yes,no,no,no,no,no,no,no,yes,yes,no,no,no,no
437,19,F,no,no,no,no,no,no,no,no,no,no,yes,yes,yes,no,no,yes
438,40,M,yes,yes,yes,yes,yes,no,no,no,yes,yes,no,yes,yes,no,no,no
439,44,F,no,yes,yes,no,no,yes,no,no,no,yes,yes,no,no,yes,no,no
440,8,F,yes,yes,no,yes,yes,no,yes,no,yes,yes,no,no,yes,yes,no,no
441,19,M,no,no,no,yes,yes,no,no,no,no,no,no,no,yes,yes,no,yes
442,30,M,no,yes,yes,no,yes,no,yes,no,yes,no,yes,yes,yes,no,no,no
443,38,M,yes,yes,no,no,yes,no,no,no,no,yes,yes,no,yes,yes,no,no
444,6,F,no,no,no,yes,no,no,no,no,no,yes,no,yes,yes,yes,no,yes
445,30,F,yes,yes,no,yes,no,no,no,no,yes,no,yes,no,yes,no,no,no
446,17,M,yes,no,no,yes,no,no,yes,no,yes,no,no,yes,no,yes,no,no
447,29,F,yes,no,no,yes,yes,no,no,no,yes,no,yes,yes,yes,no,no,no
448,32,F,yes,yes,no,no,yes,yes,no,no,no,no,yes,no,yes,no,no,yes
449,19,F,no,yes,no,no,yes,no,no,yes,no,yes,no,no,yes,no,no,no
450,21,M,no,yes,yes,no,yes,yes,no,no,no,no,yes,no,yes,yes,no,no
451,36,F,no,yes,no,no,no,no,no,no,yes,yes,yes,yes,yes,yes,no,no
452,3,M,no,yes,yes,no,yes,no,no,no,yes,no,yes,yes,no,no,yes,yes
453,36,M,yes,no,yes,yes,no,yes,no,no,no,no,yes,yes,yes,no,yes,yes
454,9,F,yes,no,yes,yes,yes,no,no,no,no,yes,yes,yes,yes,no,no,yes
455,29,M,yes,yes,yes,no,yes,no,yes,yes,no,no,yes,no,yes,no,no,no
456,33,M,yes,yes,yes,yes,no,yes,no,yes,no,no,no,no,yes,no,no,no
457,17,F,yes,no,no,no,no,no,no,no,no,no,no,no,yes,no,no,no
458,29,F,no,no,no,yes,yes,yes,no,no,yes,no,yes,yes,yes,no,no,no
459,20,F,yes,no,no,yes,yes,no,no,no,no,no,no,no,yes,no,no,yes
460,40,M,no,no,no,no,yes,yes,no,yes,yes,no,no,yes,yes,no,yes,no
461,39,F,no,no,yes,yes,no,no,no,no,yes,yes,no,yes,yes,no,no,no
462,26,F,yes,no,no,yes,yes,no,yes,no,no,yes,no,yes,yes,no,no,no
463,25,M,yes,yes,no,no,yes,yes,no,no,no,no,no,no,yes,no,no,no
464,8,F,yes,yes,yes,no,yes,yes,no,no,yes,yes,yes,no,no,no,no,no
465,10,F,yes,no,no,yes,yes,no,no,yes,no,no,no,yes,no,no,no,no
466,33,M,yes,no,no,no,no,no,no,yes,no,yes,yes,no,no,yes,no,no
467,42,M,yes,no,no,yes,yes,yes,no,yes,yes,no,yes,no,yes,yes,yes,no
468,22,F,no,yes,yes,no,yes,yes,no,no,no,no,yes,no,yes,yes,no,no
469,13,F,yes,no,yes,no,no,no,no,no,no,no,yes,yes,yes,no,no,no
470,23,F,yes,yes,no,no,yes,no,no,yes,no,no,yes,yes,yes,yes,no,no
471,16,F,no,no,no,no,yes,yes,yes,no,yes,no,yes,no,yes,no,no,no
472,36,M,yes,yes,yes,no,no,yes,no,no,no,no,no,yes,yes,no,yes,no
473,39,F,yes,no,no,yes,yes,no,no,no,no,no,yes,no,yes,no,no,no
474,41,M,yes,yes,no,yes,yes,no,no,yes,no,no,yes,no,yes,yes,no,no
475,29,F,no,yes,yes,no,yes,no,no,yes,yes,no,no,yes,yes,yes,no,no
476,5,F,yes,yes,no,yes,yes,yes,no,yes,yes,no,no,yes,yes,no,yes,no
477,49,M,yes,no,yes,no,yes,yes,no,no,no,no,yes,yes,no,no,no,yes
478,18,M,yes,yes,no,yes,yes,yes,yes,no,yes,no,yes,yes,yes,no,no,no
479,8,F,yes,yes,no,no,no,no,no,no,yes,no,yes,no,yes,no,yes,yes
480,14,F,yes,no,yes,yes,yes,no,no,no,yes,no,yes,yes,yes,no,no,no
481,41,F,yes,no,no,no,yes,no,no,yes,no,no,yes,no,yes,no,no,no
482,34,M,yes,yes,no,yes,yes,yes,no,yes,yes,no,yes,no,yes,no,no,no
483,44,F,no,no,yes,no,yes,no,no,yes,no,no,yes,yes,yes,yes,no,no
484,18,M,yes,no,yes,yes,yes,yes,no,no,yes,yes,no,yes,no,no,no,no
485,12,F,no,no,no,yes,no,no,yes,no,no,no,yes,no,yes,no,no,no
486,2,M,yes,yes,no,yes,yes,yes,no,no,yes,no,no,no,yes,no,no,no
487,28,M,yes,yes,no,yes,yes,no,no,yes,no,no,yes,yes,yes,no,no,no
488,13,M,yes,yes,no,yes,no,yes,no,yes,no,no,no,yes,yes,no,no,no
489,11,F,yes,no,no,no,yes,yes,no,no,no,no,yes,yes,no,no,no,no
490,38,F,no,no,no,yes,yes,yes,no,no,yes,no,no,no,yes,no,no,no
491,49,M,yes,no,no,yes,yes,no,no,no,no,no,no,no,yes,no,no,no
492,21,F,yes,no,no,yes,yes,no,no,no,yes,yes,yes,yes,yes,yes,no,no
493,1,M,yes,no,yes,no,yes,yes,yes,no,yes,yes,no,no,yes,yes,yes,no
494,21,F,yes,yes,yes,yes,no,no,no,yes,no,no,yes,yes,yes,no,no,no
495,14,F,yes,yes,yes,yes,yes,no,no,yes,no,no,yes,yes,yes,no,no,yes
496,37,M,yes,no,no,yes,yes,no,no,no,no,yes,yes,yes,no,yes,no,no
497,49,M,yes,no,no,no,no,yes,no,no,no,yes,yes,yes,yes,yes,no,yes
498,19,M,yes,no,no,no,no,no,no,yes,no,no,no,yes,yes,no,no,no
499,40,M,yes,no,yes,yes,no,yes,no,no,no,no,no,yes,yes,yes,no,no
500,28,F,yes,no,yes,no,yes,yes,no,yes,yes,yes,no,no,yes,no,yes,no
501,36,M,yes,no,no,yes,yes,no,no,no,yes,no,yes,no,yes,yes,no,no
502,41,F,yes,no,no,yes,yes,no,no,yes,no,yes,yes,no,no,no,no,no
503,37,F,yes,yes,no,no,yes,yes,no,no,yes,yes,yes,yes,yes,no,yes,no
504,28,F,no,yes,yes,no,no,no,no,no,no,yes,no,no,yes,yes,no,yes
505,47,F,yes,no,yes,no,yes,yes,no,yes,yes,yes,yes,yes,yes,no,no,no
506,14,F,no,yes,no,no,yes,no,yes,no,no,no,yes,no,yes,no,no,no
507,37,M,yes,yes,no,no,yes,yes,no,no,yes,no,yes,no,yes,no,no,yes
508,28,F,yes,yes,yes,yes,yes,no,no,yes,yes,no,yes,no,yes,no,no,no
509,45,M,yes,yes,no,yes,yes,yes,no,yes,no,yes,yes,yes,yes,yes,no,no
510,28,F,yes,yes,no,no,no,no,no,no,no,yes,yes,no,yes,no,no,no
511,48,F,yes,yes,yes,yes,no,no,no,no,no,no,no,yes,yes,no,no,yes
512,35,M,yes,yes,yes,yes,no,no,no,no,yes,no,no,no,yes,yes,no,no
513,48,F,yes,yes,yes,no,yes,no,no,no,yes,yes,yes,yes,yes,no,no,no
514,23,F,yes,yes,no,yes,yes,no,no,yes,yes,yes,yes,no,no,no,no,no
515,47,M,yes,no,yes,yes,no,no,no,yes,yes,no,yes,yes,yes,no,no,no
516,37,F,yes,no,yes,yes,yes,no,no,no,no,no,yes,yes,yes,no,no,yes
517,38,M,yes,no,no,yes,yes,no,no,no,no,no,no,yes,yes,yes,no,no
518,19,M,yes,yes,no,no,yes,no,yes,no,yes,no,no,no,yes,no,yes,yes
519,43,F,yes,no,no,no,no,yes,no,no,yes,no,yes,yes,yes,no,no,yes
520,49,F,no,no,no,no,yes,yes,no,yes,no,no,yes,no,yes,no,no,yes
521,26,F,yes,yes,yes,no,no,yes,no,no,yes,yes,yes,no,yes,no,no,no
522,21,M,yes,yes,yes,yes,yes,no,no,yes,no,no,yes,yes,yes,yes,no,no
523,41,M,yes,no,yes,yes,no,yes,no,no,no,no,yes,yes,yes,no,no,no
524,13,M,yes,no,no,yes,yes,yes,no,yes,no,no,yes,yes,yes,no,no,yes
525,37,F,yes,no,yes,yes,yes,yes,no,no,no,yes,no,no,yes,no,no,no
526,32,M,yes,no,no,yes,yes,no,no,no,no,no,no,no,yes,yes,no,no
527,37,F,yes,no,yes,yes,yes,no,no,no,yes,no,yes,no,yes,no,no,no
528,36,M,yes,yes,yes,no,yes,no,no,yes,no,no,yes,yes,yes,no,no,yes
529,23,M,yes,no,no,no,no,yes,no,no,no,yes,yes,yes,yes,no,no,yes
530,2,F,yes,yes,no,no,yes,no,no,no,no,yes,yes,no,yes,no,no,no
531,22,F,yes,yes,yes,no,yes,no,no,no,no,yes,yes,yes,yes,yes,yes,no
532,1,M,yes,no,no,yes,yes,no,yes,no,no,no,no,yes,yes,no,no,no
533,36,F,yes,yes,no,yes,yes,yes,no,yes,no,no,yes,yes,yes,no,no,no
534,28,M,yes,yes,yes,no,no,no,no,no,no,no,no,yes,yes,no,no,yes
535,39,M,no,yes,no,yes,yes,yes,no,no,yes,yes,yes,yes,yes,no,no,yes
536,33,F,yes,no,no,no,yes,no,no,yes,no,no,yes,yes,yes,no,no,no
537,46,M,yes,no,yes,yes,no,no,no,no,no,no,yes,no,yes,no,no,yes
538,44,F,yes,no,no,no,yes,no,no,no,yes,no,no,yes,yes,no,no,no
539,5,F,yes,no,no,yes,yes,yes,no,no,no,no,yes,yes,yes,no,no,yes
540,12,F,yes,yes,no,yes,yes,no,no,no,no,no,no,no,yes,no,no,no
541,48,F,no,no,no,yes,yes,no,no,yes,yes,no,yes,yes,yes,yes,no,no
542,33,F,no,yes,no,yes,yes,no,no,no,yes,no,yes,no,yes,no,no,no
543,31,F,no,no,no,no,no,no,no,no,no,no,yes,yes,yes,no,yes,no
544,23,F,yes,yes,no,yes,yes,yes,no,yes,yes,yes,no,no,yes,no,no,no
545,29,M,yes,no,yes,no,no,yes,no,yes,no,no,yes,yes,yes,yes,no,yes
546,30,M,yes,no,yes,yes,yes,yes,yes,no,yes,no,no,yes,yes,no,no,no
547,50,F,yes,yes,yes,no,yes,no,no,no,no,no,yes,yes,yes,no,no,no
548,25,M,yes,yes,yes,no,no,no,no,no,no,yes,yes,no,yes,no,no,no
549,13,F,no,yes,yes,no,yes,yes,no,no,no,no,yes,yes,yes,no,no,no
550,3,M,no,yes,yes,no,yes,yes,no,no,yes,yes,no,yes,no,no,no,no
551,12,M,yes,no,no,no,yes,no,no,no,no,no,no,yes,yes,no,no,no
552,2,F,no,yes,no,yes,no,no,no,no,yes,yes,yes,yes,yes,yes,no,no
553,11,F,yes,no,no,no,yes,no,no,no,no,no,yes,no,yes,no,no,no
554,42,F,yes,yes,yes,yes,yes,yes,no,no,no,no,yes,yes,yes,no,no,yes
555,21,M,yes,no,no,no,yes,no,no,yes,yes,no,yes,yes,yes,no,yes,no
556,28,M,yes,yes,yes,no,yes,yes,no,no,no,yes,yes,yes,yes,yes,yes,no
557,22,F,yes,yes,no,no,yes,no,yes,no,yes,no,yes,yes,yes,yes,no,yes
558,46,F,no,yes,yes,no,no,no,yes,no,no,yes,no,no,no,no,no,no
559,35,F,yes,no,yes,no,yes,yes,no,yes,no,no,no,yes,yes,no,no,no
560,4,M,yes,yes,no,yes,yes,no,no,yes,no,no,no,no,yes,no,no,no
561,33,M,yes,no,yes,yes,no,yes,no,yes,yes,yes,yes,yes,yes,no,no,yes
562,8,F,no,no,no,yes,no,no,no,yes,no,yes,yes,no,no,no,no,no
563,13,M,yes,no,no,no,no,no,no,yes,no,no,yes,yes,yes,no,no,no
564,28,F,yes,yes,no,no,yes,yes,no,yes,no,no,no,yes,yes,yes,no,no
565,27,F,yes,yes,yes,no,yes,yes,no,yes,no,no,yes,no,yes,yes,no,no
566,20,M,yes,yes,yes,no,yes,no,no,yes,no,no,no,yes,yes,no,no,no
567,42,M,no,yes,no,no,yes,no,no,no,yes,no,yes,yes,yes,no,no,yes
568,12,F,no,no,no,yes,yes,yes,no,no,no,yes,yes,no,yes,no,yes,no
569,43,M,yes,no,no,yes,yes,yes,yes,yes,no,no,no,yes,yes,no,no,no
570,45,F,yes,no,no,yes,yes,yes,no,yes,yes,no,yes,no,yes,yes,no,no
571,26,M,yes,yes,yes,yes,yes,yes,no,yes,no,no,no,no,yes,no,no,no
572,35,M,no,yes,yes,yes,no,no,yes,no,no,no,yes,yes,yes,no,no,no
573,35,M,yes,yes,no,no,no,no,yes,no,no,yes,yes,no,no,no,no,no
574,28,M,yes,yes,no,yes,yes,yes,no,yes,no,no,yes,yes,yes,no,no,no
575,13,F,yes,yes,no,no,no,no,no,no,no,no,no,no,yes,no,no,yes
576,25,F,no,yes,no,no,yes,no,no,no,no,no,yes,yes,no,no,no,no
577,31,F,no,no,no,no,no,yes,no,no,no,yes,no,yes,yes,no,yes,no
578,4,M,no,no,yes,no,yes,no,no,yes,yes,no,yes,yes,yes,no,no,no
579,28,F,yes,no,yes,yes,yes,yes,no,yes,no,no,yes,yes,yes,no,no,yes
580,32,M,yes,yes,no,yes,no,no,no,no,yes,yes,yes,no,no,no,no,no
581,12,F,yes,no,no,no,yes,yes,yes,yes,yes,no,yes,yes,yes,no,no,no
582,13,F,yes,yes,no,yes,yes,no,no,no,no,no,yes,no,no,no,no,no
583,19,M,no,no,yes,no,no,yes,no,no,no,no,yes,no,yes,yes,no,yes
584,20,M,yes,yes,no,yes,no,yes,no,no,no,no,yes,no,yes,yes,no,no
585,44,M,yes,no,yes,no,yes,no,no,no,no,no,no,yes,yes,no,no,no
586,10,F,yes,no,no,yes,yes,no,no,yes,no,no,no,yes,yes,no,no,no
587,12,F,yes,no,yes,yes,yes,no,no,no,no,no,yes,yes,no,no,no,no
588,34,F,no,yes,yes,yes,yes,yes,no,yes,yes,no,yes,no,yes,yes,no,no
589,35,F,yes,yes,no,no,no,yes,no,no,no,no,no,yes,yes,yes,no,no
590,49,F,yes,yes,no,no,no,no,no,yes,no,no,yes,no,yes,yes,no,yes
591,15,M,yes,yes,yes,yes,no,no,no,no,yes,yes,no,yes,yes,no,no,no
592,6,F,yes,yes,no,yes,yes,yes,no,yes,no,no,no,no,yes,no,no,no
593,32,M,yes,no,no,no,yes,no,no,yes,no,no,no,no,yes,no,no,yes
594,22,F,yes,yes,yes,yes,yes,yes,yes,yes,no,no,no,no,yes,yes,no,no
595,12,F,yes,no,no,no,no,no,no,no,yes,yes,yes,yes,yes,no,no,no
596,43,F,yes,yes,no,yes,yes,no,no,no,no,yes,yes,yes,yes,yes,no,no
597,28,F,yes,no,no,yes,yes,no,no,no,no,yes,yes,no,no,no,no,yes
598,17,M,yes,no,no,no,yes,no,yes,no,no,no,no,no,yes,no,yes,no
599,29,M,yes,yes,no,yes,no,yes,no,no,no,no,no,yes,yes,no,no,yes
600,29,M,yes,yes,yes,no,no,yes,no,no,no,yes,no,no,yes,no,no,yes
601,42,M,yes,yes,no,yes,no,no,no,yes,yes,yes,yes,yes,yes,no,yes,no
602,14,F,yes,yes,yes,yes,yes,no,no,no,yes,yes,no,yes,yes,yes,no,no
603,27,F,no,no,no,yes,yes,no,no,yes,yes,no,yes,no,yes,no,yes,no
604,14,F,yes,yes,yes,no,yes,yes,no,no,no,yes,no,yes,yes,yes,no,no
605,40,F,yes,no,no,no,yes,no,no,yes,no,no,no,yes,yes,no,no,no
606,17,F,yes,yes,no,yes,yes,no,no,no,no,no,yes,yes,yes,no,no,yes
607,22,M,yes,yes,yes,no,no,yes,no,no,no,no,yes,no,no,no,no,yes
608,5,F,yes,yes,no,yes,yes,yes,yes,yes,no,no,yes,yes,yes,no,no,no
609,46,M,no,yes,no,no,no,no,no,yes,no,yes,yes,yes,yes,yes,no,no
610,42,F,no,no,yes,yes,no,no,no,no,yes,no,yes,yes,yes,yes,no,no
611,19,F,yes,yes,yes,no,yes,yes,no,yes,yes,yes,yes,yes,yes,yes,no,no
612,3,F,no,yes,no,yes,no,yes,no,yes,no,yes,yes,yes,yes,no,no,no
613,36,M,no,no,yes,no,yes,yes,no,yes,yes,no,yes,no,yes,no,no,yes
614,33,M,no,no,no,yes,yes,no,yes,yes,yes,no,yes,yes,yes,no,no,yes
615,34,F,yes,yes,yes,yes,yes,yes,no,no,no,yes,yes,yes,yes,no,yes,no
616,49,M,yes,no,no,no,yes,no,no,no,no,no,no,no,yes,yes,no,yes
617,10,F,yes,yes,no,no,yes,no,yes,yes,yes,no,no,yes,yes,no,no,no
618,48,F,yes,yes,yes,yes,no,no,no,no,no,no,no,yes,yes,yes,yes,no
619,38,F,yes,yes,no,no,yes,no,no,no,no,no,yes,yes,yes,yes,no,yes
620,33,M,yes,yes,yes,no,yes,yes,no,yes,no,yes,yes,yes,yes,no,yes,yes
621,7,F,yes,no,no,no,yes,no,no,yes,no,no,yes,yes,yes,no,no,yes
622,17,F,yes,no,no,yes,yes,no,no,no,no,yes,yes,no,no,no,no,no
623,24,F,no,no,no,yes,yes,no,no,no,yes,no,no,no,yes,no,no,no
624,47,M,yes,yes,yes,yes,yes,yes,no,no,no,no,yes,yes,yes,no,no,no
625,15,F,no,yes,yes,yes,yes,yes,no,no,no,no,no,yes,yes,no,no,no
626,28,F,no,no,no,yes,no,no,no,no,no,no,yes,yes,yes,no,no,no
627,20,F,no,no,no,yes,yes,yes,no,no,yes,no,yes,no,yes,no,no,no
628,12,F,yes,yes,no,no,yes,yes,no,no,yes,no,yes,yes,yes,no,no,no
629,17,F,no,yes,no,yes,yes,yes,no,no,no,no,yes,no,yes,yes,no,no
630,32,F,no,yes,no,no,no,yes,no,yes,no,yes,yes,yes,yes,no,no,yes
631,6,F,yes,no,no,no,yes,yes,no,no,yes,no,no,no,yes,yes,no,no
632,4,F,yes,yes,no,no,yes,yes,no,no,no,yes,yes,yes,no,no,no,no
633,30,M,yes,yes,no,no,yes,no,no,yes,no,yes,yes,yes,yes,yes,no,yes
634,25,F,yes,no,yes,no,yes,no,no,yes,yes,no,no,yes,yes,no,yes,no
635,37,M,yes,yes,yes,yes,yes,yes,no,yes,no,no,yes,yes,yes,no,no,no
636,34,M,yes,yes,yes,yes,yes,yes,no,no,no,yes,yes,no,yes,no,no,no
637,17,M,yes,yes,yes,yes,no,yes,no,yes,no,yes,no,no,no,no,no,yes
638,21,F,yes,yes,no,yes,yes,no,no,no,yes,no,yes,yes,yes,no,no,no
639,42,F,yes,yes,no,no,yes,no,no,no,no,no,yes,no,yes,yes,no,no
640,44,M,yes,no,no,no,yes,no,no,no,no,no,yes,yes,yes,no,no,no
641,33,F,no,yes,no,no,yes,no,no,yes,no,no,yes,yes,no,yes,no,no
642,26,F,yes,yes,no,no,yes,yes,no,yes,yes,yes,yes,yes,yes,no,no,no
643,48,F,yes,yes,yes,no,no,no,no,no,no,no,no,yes,yes,yes,no,no
644,36,F,yes,yes,no,no,yes,no,no,no,no,no,no,yes,yes,yes,no,no
645,15,F,yes,yes,no,yes,yes,no,yes,no,yes,no,no,no,yes,yes,no,no
646,6,F,no,yes,yes,no,yes,yes,no,yes,no,yes,yes,yes,yes,no,no,yes
647,36,M,no,yes,no,no,yes,yes,no,no,no,no,no,no,yes,no,yes,yes
648,6,F,yes,no,no,no,yes,no,no,no,no,yes,yes,no,yes,no,yes,no
649,26,M,yes,yes,no,yes,yes,yes,no,no,yes,yes,yes,no,yes,no,no,yes
650,21,M,no,yes,no,no,no,no,no,no,no,no,no,no,yes,no,no,no
651,37,F,yes,no,yes,no,yes,yes,no,no,no,no,yes,yes,yes,no,no,yes
652,24,F,yes,yes,yes,yes,no,yes,no,no,no,no,yes,yes,yes,yes,no,no
653,10,F,no,no,no,yes,no,no,no,no,no,no,yes,yes,yes,no,no,no
654,7,F,yes,no,yes,yes,yes,no,no,no,no,yes,no,yes,yes,yes,yes,no
655,46,M,yes,yes,yes,yes,yes,yes,no,yes,no,no,no,yes,yes,yes,no,yes
656,47,F,yes,yes,no,no,no,no,no,yes,yes,no,no,yes,yes,no,no,no
657,21,M,no,yes,yes,yes,yes,no,yes,no,no,yes,yes,yes,yes,no,no,yes
658,5,M,yes,no,no,yes,yes,yes,no,yes,no,yes,yes,no,yes,yes,no,yes
659,28,M,yes,no,yes,yes,no,yes,no,no,no,yes,yes,yes,yes,no,yes,no
660,8,F,yes,no,yes,yes,yes,yes,no,yes,no,yes,no,yes,no,yes,no,yes
661,17,M,yes,yes,no,yes,no,no,no,no,no,no,yes,no,yes,no,yes,no
662,21,F,yes,no,yes,yes,no,yes,no,yes,no,yes,no,yes,yes,no,no,yes
663,31,F,no,yes,no,yes,no,no,no,no,no,no,no,yes,yes,no,no,no
664,3,M,no,no,no,no,yes,yes,no,yes,no,yes,yes,no,no,no,no,no
665,24,F,no,yes,no,no,yes,yes,no,yes,no,yes,yes,no,yes,no,no,no
666,12,F,yes,yes,no,yes,yes,no,no,yes,no,no,no,yes,yes,no,no,no
667,4,F,yes,yes,yes,no,yes,no,no,no,no,no,no,yes,yes,no,no,no
668,9,F,yes,no,no,no,yes,no,yes,no,no,yes,yes,yes,yes,no,no,no
669,21,F,yes,yes,yes,no,yes,no,no,no,yes,no,yes,no,no,no,no,no
670,44,F,yes,yes,no,no,yes,yes,no,no,yes,yes,no,yes,yes,no,no,no
671,20,M,yes,no,no,yes,yes,no,yes,no,no,no,yes,yes,yes,no,yes,no
672,35,F,yes,yes,no,no,no,yes,no,no,no,no,no,no,yes,no,no,yes
673,25,F,yes,no,yes,yes,yes,yes,no,no,no,no,yes,yes,yes,no,no,no
674,44,F,yes,no,yes,no,yes,yes,no,yes,no,no,yes,no,yes,no,yes,no
675,49,M,yes,no,no,yes,yes,no,no,no,yes,no,yes,no,yes,no,no,no
676,40,F,no,no,yes,yes,yes,yes,no,yes,no,no,yes,no,yes,no,no,yes
677,38,F,yes,yes,yes,no,yes,no,no,yes,yes,yes,no,yes,no,no,no,yes
678,36,F,yes,no,yes,no,yes,no,no,yes,no,no,no,yes,yes,yes,yes,yes
679,38,F,yes,no,no,yes,yes,yes,no,yes,no,no,no,no,yes,no,no,no
680,14,F,yes,no,no,yes,yes,no,no,yes,no,no,no,yes,yes,no,no,yes
681,8,M,no,no,yes,no,yes,no,no,no,yes,no,yes,yes,yes,no,no,no
682,47,M,yes,yes,no,yes,no,yes,no,no,no,no,no,no,no,no,no,no
683,4,F,no,no,yes,yes,yes,yes,no,yes,no,no,yes,no,yes,yes,yes,yes
684,44,F,yes,no,no,yes,yes,no,no,no,yes,no,yes,no,yes,no,no,no
685,41,F,yes,yes,no,no,yes,no,yes,no,yes,no,yes,yes,yes,no,no,no
686,39,F,no,yes,no,yes,yes,yes,no,no,no,no,yes,yes,yes,no,no,no
687,31,M,yes,yes,no,no,yes,no,no,no,yes,no,yes,no,yes,no,no,no
688,29,F,yes,no,yes,no,yes,no,no,no,no,no,yes,yes,yes,no,no,yes
689,26,F,yes,yes,no,no,yes,yes,no,yes,no,no,yes,yes,yes,no,no,no
690,1,F,no,yes,no,yes,yes,yes,no,yes,no,yes,yes,no,yes,no,no,no
691,23,F,yes,no,no,no,yes,no,no,yes,no,yes,no,no,no,no,no,no
692,12,F,no,yes,no,yes,yes,yes,no,no,no,no,yes,yes,yes,yes,no,no
693,36,M,yes,no,no,yes,no,no,no,no,yes,no,no,yes,yes,no,no,no
694,48,F,yes,yes,no,yes,yes,no,no,no,yes,no,no,no,yes,no,yes,no
695,29,F,yes,yes,no,yes,yes,no,no,yes,no,no,no,no,yes,no,no,yes
696,21,M,no,yes,yes,no,yes,yes,no,yes,no,no,yes,no,yes,no,no,no
697,24,M,yes,no,no,no,yes,no,no,yes,no,no,no,yes,yes,no,yes,yes
698,36,M,yes,no,no,yes,yes,yes,no,yes,yes,no,yes,yes,no,no,no,no
699,24,F,no,no,yes,yes,yes,yes,no,no,no,no,no,yes,yes,no,yes,yes
700,4,F,yes,no,no,yes,yes,no,no,yes,no,yes,yes,yes,yes,no,no,no
701,39,M,no,yes,no,yes,yes,yes,yes,no,no,yes,yes,yes,yes,no,no,yes
702,43,M,no,yes,yes,yes,yes,no,no,yes,no,no,yes,no,yes,no,no,yes
703,30,M,no,no,no,no,no,no,no,no,no,no,yes,yes,yes,yes,no,no
704,36,F,no,yes,no,yes,yes,yes,yes,no,yes,no,no,no,yes,no,no,no
705,23,F,no,no,no,yes,yes,yes,no,no,yes,no,yes,yes,no,no,no,yes
706,32,M,no,no,yes,yes,yes,no,no,yes,no,yes,yes,no,no,yes,no,no
707,27,F,yes,yes,no,no,no,yes,no,no,yes,yes,yes,yes,yes,yes,no,no
708,34,F,no,yes,no,yes,no,yes,no,no,no,yes,yes,yes,yes,yes,no,yes
709,47,M,yes,yes,no,yes,yes,no,no,no,no,yes,yes,yes,yes,no,no,no
710,30,M,yes,no,yes,no,yes,yes,no,no,no,no,no,yes,yes,no,no,yes
711,14,F,yes,no,no,no,no,yes,no,no,no,yes,no,no,yes,no,no,no
712,49,F,yes,no,no,yes,yes,yes,no,no,no,yes,yes,yes,yes,no,no,no
713,21,F,yes,yes,no,no,yes,yes,no,no,no,no,yes,yes,yes,no,no,yes
714,42,F,yes,no,no,yes,yes,yes,no,no,no,no,yes,yes,yes,no,no,no
715,23,F,yes,no,yes,no,yes,no,yes,no,no,no,yes,yes,no,no,no,no
716,15,M,yes,yes,no,no,yes,no,yes,yes,no,no,yes,yes,yes,no,yes,no
717,31,F,yes,no,no,yes,yes,yes,no,no,yes,no,no,no,yes,yes,no,yes
718,40,F,yes,no,no,yes,no,no,no,yes,yes,no,yes,no,yes,no,no,no
719,11,F,no,yes,no,yes,yes,yes,no,no,yes,yes,yes,no,yes,no,no,no
720,12,M,yes,yes,yes,no,yes,no,yes,no,no,yes,yes,no,yes,yes,no,no
721,10,F,yes,yes,no,no,yes,no,no,no,no,yes,yes,no,yes,no,no,no
722,21,F,yes,no,yes,yes,yes,yes,no,no,yes,no,yes,yes,yes,no,no,no
723,42,M,no,no,no,yes,no,no,no,no,no,no,no,no,yes,no,no,no
724,21,F,no,no,yes,yes,yes,yes,no,yes,yes,no,yes,yes,yes,no,no,no
725,37,F,yes,yes,yes,yes,yes,yes,yes,yes,yes,yes,yes,yes,yes,yes,no,no
726,26,M,yes,yes,yes,yes,yes,no,no,no,no,no,yes,no,yes,yes,no,no
727,37,M,no,yes,yes,yes,no,no,no,no,yes,yes,no,yes,no,no,no,no
728,8,F,yes,yes,no,no,no,no,no,no,no,no,yes,no,yes,no,no,yes
729,29,F,yes,no,no,no,no,yes,no,no,no,yes,yes,yes,no,no,yes,no
730,16,M,no,yes,no,yes,yes,no,no,no,no,yes,no,yes,yes,no,no,no
731,26,F,yes,no,no,no,no,no,no,no,yes,no,yes,yes,yes,no,no,no
732,9,M,yes,yes,no,no,yes,yes,no,no,no,yes,yes,yes,yes,no,no,no
733,26,M,yes,no,yes,no,yes,yes,no,no,yes,no,yes,yes,yes,yes,no,no
734,10,F,yes,yes,no,no,yes,yes,no,yes,no,yes,no,yes,yes,no,no,no
735,4,M,yes,yes,no,no,yes,no,no,yes,no,no,yes,yes,yes,yes,no,no
736,2,M,yes,yes,no,yes,yes,no,no,no,no,no,yes,yes,yes,yes,no,no
737,49,M,yes,no,no,no,no,yes,no,yes,yes,yes,yes,yes,yes,no,no,yes
738,36,F,yes,yes,no,no,yes,no,no,no,no,no,yes,yes,yes,yes,no,yes
739,46,F,yes,yes,yes,no,no,yes,yes,no,yes,no,no,no,yes,no,no,yes
740,5,F,no,no,yes,yes,yes,yes,no,yes,yes,no,no,no,no,yes,no,yes
741,47,M,yes,no,no,yes,yes,no,no,yes,yes,no,no,no,yes,no,no,yes
742,22,F,yes,yes,no,yes,no,yes,no,no,no,yes,yes,no,yes,no,no,no
743,26,M,yes,yes,yes,yes,no,no,no,yes,no,no,yes,yes,no,yes,no,yes
744,15,M,no,no,no,yes,yes,no,no,no,no,no,yes,yes,yes,yes,no,no
745,36,M,yes,no,yes,no,yes,yes,no,yes,yes,no,no,yes,yes,yes,no,no
746,25,F,yes,yes,yes,yes,yes,no,no,yes,no,no,yes,no,yes,no,no,no
747,39,F,yes,no,no,yes,no,no,no,yes,no,no,yes,yes,no,yes,yes,no
748,17,F,yes,yes,yes,no,no,yes,no,no,no,no,yes,no,yes,no,no,no
749,19,F,no,no,yes,no,yes,yes,no,no,no,no,no,yes,yes,no,no,yes
750,4,M,yes,yes,no,no,yes,no,no,no,yes,yes,no,no,yes,no,no,no
751,42,M,no,yes,yes,yes,yes,yes,no,no,yes,no,no,yes,yes,yes,no,yes
752,8,M,yes,no,no,no,yes,no,no,yes,yes,yes,yes,yes,yes,no,no,no
753,11,M,no,no,yes,yes,yes,yes,yes,no,no,no,yes,yes,yes,no,no,no
754,38,F,yes,yes,yes,no,no,yes,no,no,yes,yes,yes,yes,no,no,no,yes
755,43,F,no,no,yes,yes,yes,yes,no,yes,no,yes,yes,no,yes,no,no,no
756,22,F,yes,no,yes,yes,yes,yes,yes,no,no,no,yes,yes,yes,no,no,no
757,13,F,yes,no,no,yes,yes,yes,no,yes,no,yes,yes,no,yes,no,no,yes
758,8,M,yes,yes,no,no,yes,no,no,no,no,yes,no,yes,yes,yes,no,no
759,17,F,no,no,no,no,yes,yes,no,no,no,no,yes,yes,yes,no,yes,no
760,40,F,yes,no,yes,yes,no,yes,no,yes,no,no,no,yes,yes,no,no,no
761,29,F,yes,yes,no,no,no,no,no,no,yes,no,yes,no,yes,no,no,yes
762,46,F,yes,yes,no,yes,yes,yes,yes,no,no,no,yes,no,yes,no,no,no
763,26,F,yes,yes,no,yes,yes,no,yes,no,no,yes,yes,yes,yes,no,no,no
764,27,F,yes,yes,no,no,yes,yes,no,no,no,no,yes,no,yes,yes,no,yes
765,43,F,yes,yes,yes,no,yes,no,yes,no,no,no,no,yes,yes,yes,no,yes
766,7,F,yes,no,no,no,yes,no,no,no,no,no,no,no,yes,no,no,yes
767,18,M,yes,no,no,no,no,yes,no,no,no,no,yes,yes,no,no,no,no
768,18,F,no,yes,no,no,no,no,no,no,no,yes,yes,no,yes,yes,yes,yes
769,31,M,yes,yes,yes,yes,yes,no,no,no,no,no,yes,yes,yes,no,no,no
770,3,F,yes,yes,no,no,yes,yes,no,no,no,no,yes,yes,yes,no,no,no
771,32,F,yes,yes,no,yes,yes,yes,no,no,no,no,no,yes,yes,yes,yes,no
772,5,M,no,yes,no,no,no,no,no,no,no,no,yes,yes,yes,no,no,no
773,20,M,yes,yes,no,yes,yes,no,no,no,no,no,yes,no,yes,yes,no,no
774,36,M,yes,no,no,yes,no,no,no,no,yes,yes,yes,yes,yes,no,yes,no
775,10,F,yes,no,no,yes,no,yes,yes,no,yes,yes,yes,yes,yes,no,no,yes
776,3,M,yes,yes,no,no,no,no,yes,no,no,yes,yes,no,yes,no,no,no
777,15,M,yes,yes,yes,no,no,no,no,no,no,no,no,no,no,no,no,no
778,11,F,yes,no,yes,no,yes,yes,no,no,yes,no,yes,no,yes,no,no,no
779,49,F,yes,yes,no,yes,no,no,no,yes,no,yes,yes,no,no,no,no,no
780,9,F,yes,yes,no,no,yes,no,yes,no,no,no,yes,yes,yes,yes,no,no
781,8,M,yes,no,yes,yes,yes,yes,no,yes,no,no,yes,yes,yes,no,no,no
782,44,F,no,yes,yes,yes,yes,no,no,yes,no,yes,yes,no,yes,no,no,no
783,21,F,yes,yes,yes,yes,yes,yes,no,no,no,yes,yes,no,yes,no,no,yes
784,37,M,yes,no,no,yes,no,yes,no,yes,no,yes,no,yes,yes,yes,no,yes
785,35,M,yes,yes,no,yes,yes,no,no,no,yes,no,no,yes,yes,no,no,no
786,14,M,yes,yes,no,no,yes,yes,no,no,no,yes,yes,no,yes,no,yes,yes
787,11,M,yes,yes,yes,yes,yes,no,no,no,no,no,no,yes,no,yes,no,no
788,24,M,yes,yes,no,yes,yes,yes,no,yes,yes,no,yes,yes,no,no,yes,no
789,47,F,yes,no,no,yes,yes,yes,no,yes,no,no,yes,no,yes,no,no,no
790,41,F,yes,yes,no,yes,no,no,no,yes,no,yes,yes,yes,yes,no,no,no
791,16,F,no,no,yes,yes,yes,no,no,no,yes,yes,yes,no,yes,no,no,yes
792,47,M,no,no,yes,no,yes,yes,no,no,no,yes,no,yes,yes,no,no,yes
793,13,M,no,yes,no,no,yes,yes,no,no,no,no,no,yes,yes,no,no,yes
794,8,M,no,no,yes,yes,yes,yes,no,yes,no,no,no,no,yes,no,no,no
795,21,F,no,no,no,no,yes,yes,no,no,no,no,yes,no,yes,yes,no,no
796,40,F,no,yes,yes,yes,yes,no,no,no,yes,no,yes,yes,yes,no,no,no
797,2,F,yes,yes,yes,no,no,no,no,yes,yes,no,yes,no,yes,no,no,yes
798,10,F,no,no,no,yes,yes,yes,no,yes,yes,no,yes,yes,yes,yes,no,no
799,19,F,yes,no,yes,yes,no,yes,no,no,yes,yes,no,no,yes,yes,no,yes
800,48,F,yes,yes,no,no,no,yes,no,no,no,yes,yes,yes,yes,yes,no,yes
801,29,F,no,no,yes,no,yes,no,no,no,no,no,yes,yes,no,no,yes,no
802,31,F,no,no,no,yes,no,yes,no,no,no,no,yes,no,yes,no,no,no
803,47,M,no,yes,no,yes,yes,no,no,no,yes,no,yes,no,yes,yes,yes,no
804,5,F,yes,no,no,yes,yes,yes,no,no,no,yes,yes,no,yes,yes,no,no
805,9,F,yes,yes,no,yes,yes,no,no,no,no,no,yes,no,no,yes,yes,yes
806,40,M,no,yes,no,no,yes,no,no,no,no,yes,yes,yes,yes,no,no,no
807,8,F,yes,yes,no,yes,no,no,no,no,yes,no,no,yes,yes,no,no,no
808,48,F,yes,yes,no,yes,yes,no,no,no,no,yes,yes,no,yes,yes,no,no
809,32,M,yes,yes,yes,no,no,yes,no,no,no,no,no,no,yes,no,no,no
810,13,M,no,yes,yes,yes,yes,no,no,no,no,yes,yes,yes,yes,no,no,yes
811,39,F,no,no,no,no,yes,yes,no,yes,no,yes,yes,no,yes,no,no,no
812,1,F,no,no,yes,yes,no,yes,no,yes,yes,yes,no,yes,yes,yes,no,yes
813,13,M,yes,no,yes,yes,yes,no,no,no,no,no,yes,yes,yes,no,no,no
814,13,F,yes,yes,yes,no,no,no,yes,yes,yes,yes,yes,no,yes,no,no,no
815,45,F,yes,yes,yes,no,no,no,yes,no,no,yes,no,yes,yes,no,no,yes
816,32,F,yes,yes,no,no,no,no,no,no,no,yes,yes,no,no,no,no,no
817,11,F,yes,no,no,no,yes,no,no,no,no,yes,yes,no,yes,no,no,no
818,20,F,yes,yes,no,no,yes,no,no,yes,no,no,no,no,yes,no,no,no
819,12,F,yes,yes,yes,yes,yes,yes,no,no,yes,no,yes,no,yes,no,no,no
820,24,M,yes,yes,no,yes,yes,no,no,yes,no,no,yes,no,no,no,yes,no
821,11,M,yes,no,no,no,yes,yes,no,no,no,no,yes,yes,yes,no,yes,no
822,15,F,yes,yes,no,no,no,no,no,no,no,yes,no,yes,yes,no,no,no
823,45,M,no,yes,no,no,no,no,no,no,no,no,yes,no,yes,no,no,no
824,48,F,yes,yes,no,no,yes,no,no,yes,no,no,yes,yes,yes,no,no,no
825,12,F,yes,yes,no,no,yes,no,no,yes,no,no,yes,no,no,no,no,no
826,35,M,yes,yes,yes,no,no,yes,no,yes,no,yes,yes,yes,yes,no,no,no
827,44,F,yes,yes,yes,yes,yes,yes,no,no,no,yes,no,yes,yes,no,no,no
828,28,M,yes,no,yes,no,yes,yes,no,no,yes,yes,yes,yes,yes,yes,no,yes
829,37,F,yes,no,no,no,no,no,no,no,no,yes,no,yes,yes,no,no,yes
830,11,F,yes,yes,no,yes,yes,no,no,yes,no,no,yes,yes,yes,yes,no,no
831,7,F,no,yes,no,no,yes,yes,no,yes,no,no,yes,no,no,no,yes,yes
832,47,M,yes,no,no,yes,yes,yes,no,yes,no,yes,no,no,yes,yes,no,no
833,15,F,yes,yes,no,yes,yes,yes,no,yes,no,no,yes,yes,yes,no,no,no
834,32,M,yes,no,no,yes,yes,yes,no,no,no,no,yes,yes,no,yes,no,no
835,17,M,no,yes,no,no,yes,no,no,yes,no,no,no,no,yes,no,no,no
836,32,M,no,yes,no,yes,no,yes,no,no,no,no,yes,yes,yes,no,no,yes
837,11,F,yes,no,yes,yes,no,yes,no,no,yes,no,no,no,yes,no,no,yes
838,34,F,yes,no,yes,yes,no,yes,no,no,yes,yes,yes,yes,no,no,no,yes
839,2,M,yes,no,no,yes,yes,no,no,no,no,no,no,yes,yes,yes,no,no
840,5,F,yes,no,no,no,yes,no,no,no,no,yes,yes,yes,yes,no,no,yes
841,32,M,yes,yes,yes,no,no,yes,no,no,yes,no,yes,no,yes,no,no,yes
842,41,F,yes,yes,yes,no,no,no,no,no,yes,no,yes,yes,yes,no,no,yes
843,25,M,yes,yes,yes,yes,yes,yes,no,no,no,no,no,yes,yes,no,no,yes
844,39,F,yes,yes,yes,yes,no,no,yes,no,yes,no,no,yes,yes,yes,no,no
845,34,F,yes,yes,no,yes,yes,yes,no,yes,no,yes,yes,yes,yes,no,yes,no
846,19,F,yes,no,yes,no,yes,no,yes,no,no,yes,yes,yes,yes,no,no,yes
847,6,M,no,no,yes,yes,yes,no,no,no,yes,no,no,yes,yes,no,no,yes
848,17,M,yes,no,no,yes,yes,no,no,yes,yes,yes,yes,no,yes,no,no,no
849,1,F,yes,yes,no,no,no,yes,no,no,yes,no,no,no,yes,no,no,no
850,18,F,no,no,no,yes,yes,yes,no,yes,no,yes,yes,no,yes,yes,no,no
851,44,F,yes,yes,no,no,yes,yes,no,yes,no,no,no,yes,yes,no,no,no
852,14,F,no,yes,yes,no,yes,no,yes,no,no,no,no,yes,yes,no,no,yes
853,19,M,yes,yes,no,no,yes,yes,no,no,yes,no,no,yes,yes,no,yes,yes
854,31,M,no,yes,no,yes,yes,yes,no,no,no,no,yes,yes,yes,no,no,yes
855,35,M,yes,yes,yes,no,no,yes,no,no,no,no,yes,no,yes,no,no,yes
856,6,F,yes,yes,yes,no,yes,no,no,no,no,yes,no,no,no,no,no,no
857,48,M,yes,no,yes,yes,yes,no,no,yes,yes,no,yes,no,yes,no,no,no
858,17,F,yes,yes,yes,yes,yes,no,no,yes,yes,yes,yes,no,yes,no,no,no
859,25,M,yes,yes,no,no,yes,no,no,no,no,yes,yes,yes,no,no,no,no
860,28,M,yes,yes,yes,no,yes,yes,no,yes,no,no,yes,yes,no,no,no,yes
861,38,F,yes,no,no,yes,yes,yes,no,yes,yes,no,yes,yes,yes,no,no,no
862,44,F,yes,no,no,yes,yes,no,no,no,no,no,yes,no,yes,no,no,no
863,2,F,yes,no,no,no,yes,no,no,no,no,yes,yes,yes,yes,yes,no,yes
864,27,M,yes,yes,yes,no,yes,no,no,no,no,no,no,yes,yes,no,no,no
865,5,M,yes,yes,yes,no,no,no,no,yes,no,yes,yes,no,yes,yes,no,no
866,2,M,yes,yes,no,yes,no,yes,yes,yes,no,no,yes,yes,yes,no,no,no
867,31,M,no,yes,yes,no,yes,yes,no,yes,no,yes,yes,yes,yes,no,yes,no
868,43,M,yes,yes,no,no,yes,no,no,no,no,yes,no,yes,yes,no,no,no
869,8,F,yes,yes,yes,no,yes,yes,no,no,no,yes,no,no,yes,no,no,no
870,21,M,no,no,yes,no,yes,yes,no,yes,no,no,yes,no,yes,no,no,no
871,5,M,yes,no,no,yes,yes,no,no,no,no,yes,yes,yes,yes,no,no,no
872,43,M,no,yes,no,yes,yes,no,no,no,no,no,yes,no,yes,no,no,no
873,22,M,yes,yes,no,no,yes,yes,no,no,no,no,yes,no,yes,no,no,no
874,14,M,no,yes,no,yes,no,no,no,no,yes,yes,no,yes,yes,no,no,yes
875,20,M,yes,yes,no,yes,yes,no,yes,no,yes,no,yes,no,yes,yes,no,no
876,5,F,yes,no,no,no,no,no,no,no,no,yes,no,yes,yes,no,no,no
877,41,M,yes,yes,no,yes,yes,yes,yes,no,yes,no,no,no,yes,no,no,no
878,15,M,yes,yes,no,yes,yes,no,no,yes,yes,yes,yes,no,yes,yes,yes,yes
879,20,F,yes,yes,no,yes,no,yes,no,no,yes,no,yes,no,yes,no,yes,no
880,22,M,no,no,no,yes,yes,no,no,yes,no,no,yes,no,yes,no,no,no
881,43,F,yes,yes,no,yes,yes,no,no,yes,yes,no,yes,no,yes,no,no,yes
882,45,M,yes,yes,no,no,yes,no,no,yes,no,yes,no,yes,yes,no,no,no
883,36,M,yes,no,no,yes,no,no,no,no,no,yes,yes,no,yes,no,yes,no
884,48,M,yes,no,no,no,yes,yes,no,yes,no,yes,no,yes,yes,no,no,yes
885,22,M,yes,no,no,yes,yes,no,yes,no,no,yes,yes,no,yes,no,yes,yes
886,1,M,yes,no,yes,yes,yes,yes,no,no,yes,yes,no,yes,yes,no,no,no
887,17,F,yes,yes,no,no,yes,no,no,no,no,yes,yes,no,yes,no,no,yes
888,18,F,yes,no,yes,no,no,no,no,no,no,yes,yes,yes,no,no,yes,no
889,20,M,no,no,yes,yes,no,yes,no,yes,no,yes,yes,no,yes,no,no,no
890,10,F,yes,no,no,no,no,no,no,no,no,no,yes,yes,yes,no,no,no
891,2,M,yes,yes,no,no,yes,no,no,no,yes,no,yes,no,yes,no,yes,no
892,6,F,yes,yes,yes,yes,yes,no,no,no,no,no,yes,yes,yes,yes,no,yes
893,31,F,yes,no,no,no,yes,yes,no,yes,yes,no,no,no,yes,no,no,no
894,16,M,no,yes,no,no,no,no,no,no,yes,no,no,yes,yes,no,no,no
895,35,F,yes,yes,no,yes,yes,no,no,no,no,no,yes,no,no,yes,no,no
896,11,F,no,yes,no,no,yes,yes,no,no,yes,no,yes,yes,yes,yes,no,no
897,35,F,yes,yes,no,yes,yes,no,no,no,no,no,yes,yes,yes,no,no,yes
898,27,F,yes,yes,no,no,no,no,no,no,yes,no,no,yes,yes,no,no,yes
899,33,F,yes,no,no,yes,no,no,yes,no,yes,no,yes,yes,yes,yes,no,yes
900,12,F,yes,no,no,yes,yes,no,no,no,no,no,no,yes,yes,no,no,no
901,45,M,no,yes,no,yes,yes,no,yes,no,yes,no,yes,no,yes,no,no,no
902,30,F,yes,yes,no,no,yes,no,no,no,yes,no,no,no,yes,no,no,no
903,35,M,yes,no,no,no,no,no,no,no,yes,no,yes,no,yes,yes,no,yes
904,17,F,yes,yes,no,yes,yes,no,yes,no,no,no,yes,yes,yes,no,no,no
905,25,M,yes,no,yes,yes,yes,yes,no,no,no,yes,yes,yes,yes,no,no,no
906,27,F,no,yes,no,no,yes,yes,no,no,yes,no,no,yes,yes,no,no,no
907,47,F,yes,no,yes,yes,yes,no,no,yes,no,yes,no,yes,yes,no,no,no
908,6,M,yes,no,yes,yes,yes,no,no,no,no,no,no,no,yes,yes,no,no
909,25,M,yes,no,yes,no,no,no,no,no,no,yes,yes,yes,yes,no,no,no
910,22,F,no,no,no,no,no,no,no,no,no,no,no,yes,yes,no,no,no
911,30,M,yes,yes,no,yes,no,yes,no,no,yes,no,no,yes,yes,no,no,no
912,33,M,yes,yes,yes,yes,yes,yes,no,no,yes,no,yes,no,yes,no,no,no
913,25,M,yes,yes,yes,no,yes,no,no,no,yes,yes,yes,yes,yes,no,no,no
914,14,F,yes,yes,yes,yes,yes,no,no,no,no,no,no,no,no,no,no,no
915,43,M,no,no,no,yes,yes,yes,no,no,no,no,yes,yes,yes,no,yes,no
916,13,F,yes,no,no,no,no,no,no,no,no,no,yes,no,yes,no,no,no
917,31,F,no,yes,no,no,yes,yes,no,no,yes,no,no,yes,yes,no,no,no
918,12,F,yes,no,yes,no,no,no,yes,no,no,yes,yes,yes,yes,no,yes,no
919,22,F,no,yes,yes,yes,no,yes,no,no,no,no,yes,no,yes,no,no,no
920,35,M,no,yes,no,yes,yes,yes,no,no,yes,yes,no,yes,yes,no,no,no
921,28,M,no,yes,yes,no,no,yes,no,yes,yes,no,yes,no,yes,no,no,yes
922,35,F,no,no,no,yes,no,no,no,no,no,yes,no,yes,yes,no,yes,yes
923,17,M,no,yes,yes,yes,yes,no,no,no,yes,no,yes,yes,yes,no,no,no
924,40,M,yes,no,no,no,yes,yes,yes,no,no,yes,yes,no,yes,no,yes,no
925,33,M,yes,no,yes,no,yes,yes,no,yes,yes,yes,yes,no,no,no,no,no
926,41,F,yes,no,yes,yes,no,no,no,yes,no,no,yes,yes,no,no,no,no
927,5,M,yes,no,yes,yes,yes,yes,no,yes,no,yes,no,yes,yes,no,no,no
928,11,M,no,yes,no,yes,yes,yes,no,no,no,no,no,yes,yes,no,no,no
929,24,F,yes,no,no,yes,yes,no,no,no,yes,yes,yes,no,yes,no,no,yes
930,9,M,no,no,no,yes,no,no,no,no,no,no,yes,yes,yes,no,yes,yes
931,3,F,yes,no,no,yes,yes,yes,no,no,no,no,yes,no,no,no,no,no
932,11,F,no,no,no,yes,no,no,no,no,yes,yes,yes,no,no,no,yes,yes
933,14,M,yes,yes,no,yes,yes,yes,no,no,no,no,yes,no,yes,no,yes,no
934,25,F,yes,yes,yes,yes,no,no,no,no,no,no,no,yes,yes,yes,no,no
935,35,F,yes,no,no,no,no,no,yes,yes,no,no,yes,yes,no,yes,no,no
936,38,F,no,no,no,yes,no,no,no,no,no,no,no,no,yes,no,no,no
937,25,M,yes,no,no,no,yes,no,no,no,no,no,no,no,yes,no,no,no
938,20,F,yes,no,yes,no,yes,yes,no,no,yes,no,no,yes,yes,no,no,no
939,49,M,yes,yes,no,no,yes,no,no,no,yes,yes,yes,no,yes,no,no,no
940,30,F,no,yes,yes,yes,yes,yes,no,yes,no,no,yes,yes,yes,yes,no,yes
941,10,F,yes,yes,yes,yes,yes,no,no,yes,yes,no,no,yes,yes,yes,no,yes
942,8,F,yes,yes,no,yes,yes,yes,yes,yes,no,no,no,yes,no,no,no,no
943,9,M,no,yes,no,yes,no,yes,no,no,no,yes,yes,yes,yes,no,yes,yes
944,38,F,yes,no,yes,no,yes,no,no,no,no,no,no,yes,yes,no,no,no
945,7,M,yes,yes,yes,yes,yes,no,no,no,no,no,no,no,no,no,no,yes
946,36,F,yes,no,no,yes,no,no,no,no,yes,yes,yes,yes,yes,yes,no,no
947,11,M,yes,no,no,yes,no,yes,no,no,yes,no,no,no,yes,no,no,no
948,7,M,yes,no,no,no,yes,no,no,yes,no,yes,yes,no,yes,yes,no,no
949,49,F,no,no,yes,yes,yes,no,no,no,yes,no,no,no,yes,no,no,no
950,44,F,yes,no,yes,no,no,yes,no,no,yes,yes,yes,yes,no,no,no,yes
951,28,F,no,no,no,yes,yes,yes,no,no,no,no,no,yes,yes,no,no,no
952,43,F,no,yes,no,no,yes,yes,no,yes,no,no,no,no,no,no,no,no
953,35,M,yes,yes,no,yes,no,yes,no,no,yes,no,no,yes,yes,no,no,no
954,29,F,yes,no,no,yes,no,no,no,yes,yes,no,no,yes,yes,no,no,no
955,6,M,yes,no,no,yes,yes,no,no,yes,no,no,yes,no,yes,no,no,no
956,47,F,yes,yes,yes,yes,yes,no,no,no,no,yes,yes,yes,yes,no,no,yes
957,48,F,yes,no,no,yes,no,no,no,yes,yes,no,yes,yes,yes,no,no,no
958,2,F,yes,yes,yes,yes,yes,no,no,yes,no,no,yes,no,yes,no,no,yes
959,7,M,no,no,no,yes,yes,no,no,no,no,no,yes,yes,yes,no,no,no
960,21,M,no,yes,yes,no,yes,no,no,no,no,no,yes,no,yes,no,no,no
961,17,F,no,yes,no,no,no,yes,no,no,no,no,yes,yes,yes,no,yes,no
962,9,F,yes,no,no,no,yes,no,no,yes,no,yes,yes,yes,yes,yes,no,yes
963,25,M,yes,yes,no,no,yes,no,no,no,no,no,no,yes,yes,no,no,no
964,10,M,yes,no,no,no,no,yes,no,no,no,no,yes,yes,yes,no,no,no
965,41,M,yes,no,no,no,yes,no,no,no,no,no,no,no,yes,no,no,no
966,1,M,yes,yes,no,no,yes,no,yes,yes,yes,no,yes,no,yes,no,no,no
967,29,F,yes,yes,yes,yes,yes,yes,no,no,no,no,no,no,yes,no,no,no
968,9,F,no,yes,no,yes,yes,no,no,no,yes,no,yes,no,yes,yes,no,no
969,20,F,yes,no,no,no,no,no,no,no,no,yes,no,no,yes,yes,no,no
970,43,F,yes,no,yes,no,yes,no,no,no,no,no,yes,yes,yes,yes,no,no
971,4,F,yes,yes,no,no,no,no,yes,no,no,no,yes,yes,yes,no,no,no
972,26,M,yes,no,no,no,yes,yes,no,no,yes,yes,no,yes,yes,no,no,no
973,14,M,yes,no,yes,no,no,yes,no,no,no,no,yes,no,yes,no,yes,no
974,41,M,no,yes,no,yes,no,yes,no,no,no,yes,no,no,yes,no,no,no
975,27,M,yes,no,yes,yes,no,yes,no,no,no,yes,yes,no,no,no,yes,yes
976,48,F,no,yes,yes,no,yes,yes,yes,no,yes,no,yes,no,yes,yes,no,no
977,13,F,no,no,no,yes,no,yes,no,no,no,no,no,no,yes,no,no,no
978,48,M,yes,yes,no,no,yes,yes,no,no,yes,yes,no,yes,yes,no,no,no
979,20,M,yes,yes,yes,yes,yes,no,yes,no,no,no,no,no,yes,no,no,no
980,42,F,yes,no,no,yes,no,yes,yes,yes,no,yes,no,yes,yes,no,no,no
981,3,M,yes,no,no,yes,no,yes,no,yes,yes,yes,no,yes,yes,yes,yes,no
982,22,M,yes,no,no,yes,yes,no,no,yes,no,no,yes,no,yes,no,no,yes
983,10,M,no,yes,no,yes,no,yes,no,no,yes,no,yes,yes,yes,no,no,no
984,5,F,yes,no,yes,no,yes,no,no,yes,no,no,no,yes,yes,yes,no,no
985,36,F,yes,no,no,no,no,no,no,yes,no,yes,no,no,yes,no,no,yes
986,34,F,yes,no,yes,yes,yes,no,no,yes,no,yes,no,yes,no,no,no,yes
987,24,M,yes,yes,no,no,yes,yes,no,yes,no,no,yes,no,yes,no,yes,yes
988,10,M,yes,no,yes,yes,yes,no,no,no,yes,no,yes,yes,yes,no,yes,no
989,48,M,yes,yes,no,yes,yes,yes,no,no,yes,no,no,no,yes,yes,no,yes
990,10,F,yes,yes,yes,yes,no,no,no,yes,no,no,yes,no,yes,no,no,no
991,36,M,yes,no,no,no,no,no,no,no,yes,yes,yes,yes,no,no,no,no
992,7,M,yes,no,no,yes,no,yes,no,yes,yes,no,yes,yes,no,no,no,yes
993,36,F,no,yes,yes,no,yes,yes,no,no,no,no,yes,no,yes,no,no,yes
994,44,M,yes,yes,no,no,no,yes,yes,yes,no,yes,yes,no,yes,no,no,yes
995,25,F,yes,no,no,no,yes,no,no,no,no,yes,yes,yes,no,no,no,no
996,8,F,yes,no,no,no,yes,no,no,no,no,no,yes,no,yes,no,no,no
997,36,M,yes,no,no,yes,yes,no,no,yes,yes,no,yes,no,yes,no,no,yes
998,10,F,yes,no,no,no,yes,yes,no,no,no,no,yes,yes,yes,no,no,no
999,7,M,yes,no,no,no,yes,no,no,yes,no,yes,no,yes,yes,no,no,no
1000,20,F,yes,yes,no,yes,yes,no,no,no,no,no,yes,yes,yes,no,no,no
,24,F,NO,NO,YES,YES,YES,NO,NO,NO,NO,NO,NO,NO,NO,NO,NO,NO
,19,M,YES,YES,NO,NO,YES,YES,NO,NO,NO,NO,NO,NO,YES,NO,NO,YES
,18,F,NO,NO,NO,YES,YES,NO,NO,NO,NO,NO,NO,NO,NO,NO,NO,NO
,24,F,YES,NO,YES,YES,NO,NO,NO,NO,NO,YES,YES,NO,NO,NO,NO,YES
,24,F,NO,YES,NO,NO,YES,NO,YES,NO,NO,NO,NO,NO,NO,NO,NO,NO
,23,M,YES,NO,NO,YES,YES,NO,NO,NO,NO,NO,NO,NO,NO,NO,NO,NO
,21,M,YES,NO,NO,NO,YES,YES,NO,NO,NO,NO,NO,NO,NO,NO,NO,NO
,20,F,YES,YES,NO,YES,NO,NO,NO,YES,NO,NO,NO,NO,NO,NO,NO,NO
,22,M,YES,YES,NO,YES,NO,NO,NO,NO,NO,NO,NO,NO,NO,NO,NO,NO
,19,F,YES,NO,NO,YES,YES,NO,NO,NO,NO,NO,NO,NO,NO,NO,NO,NO
,18,F,YES,YES,NO,NO,YES,YES,NO,NO,NO,NO,NO,NO,NO,NO,NO,NO
,24,F,YES,YES,NO,YES,NO,NO,NO,YES,NO,NO,NO,NO,NO,NO,NO,NO
,20,M,YES,YES,NO,YES,YES,NO,YES,NO,NO,NO,NO,NO,NO,NO,NO,NO
,19,F,YES,NO,YES,NO,YES,YES,NO,NO,NO,NO,NO,NO,YES,NO,NO,YES
,20,F,NO,NO,YES,YES,YES,NO,NO,NO,NO,NO,NO,NO,NO,NO,NO,NO
,19,M,NO,NO,NO,YES,YES,NO,NO,NO,NO,NO,NO,NO,NO,YES,NO,YES
,22,F,YES,NO,NO,NO,YES,NO,NO,NO,NO,NO,YES,YES,NO,NO,NO,YES
,26,F,YES,NO,NO,YES,YES,NO,NO,NO,NO,NO,NO,NO,NO,NO,NO,NO
,21,M,YES,YES,NO,YES,YES,NO,NO,NO,YES,NO,NO,NO,NO,NO,NO,YES
,19,M,NO,YES,NO,NO,YES,YES,NO,NO,NO,YES,NO,NO,YES,NO,NO,YES
,29,M,YES,YES,NO,NO,YES,NO,NO,NO,NO,NO,NO,NO,NO,NO,NO,NO
,19,F,YES,YES,NO,NO,YES,YES,NO,NO,NO,NO,NO,NO,NO,NO,NO,YES
,22,M,YES,NO,NO,YES,YES,NO,NO,NO,NO,NO,NO,YES,NO,NO,NO,YES
,22,F,NO,NO,YES,YES,YES,NO,NO,NO,NO,NO,NO,NO,NO,NO,NO,NO
,24,F,NO,YES,YES,NO,YES,NO,NO,NO,YES,NO,NO,NO,YES,NO,NO,YES
,24,F,YES,YES,NO,NO,YES,NO,NO,NO,NO,NO,NO,NO,NO,YES,YES,YES
,21,F,YES,NO,NO,YES,YES,NO,NO,NO,NO,NO,NO,NO,NO,NO,NO,NO
,22,F,NO,YES,YES,YES,YES,NO,NO,NO,NO,NO,NO,NO,NO,NO,NO,NO
,25,F,YES,NO,NO,YES,YES,NO,NO,NO,NO,NO,NO,NO,NO,NO,NO,NO
,23,M,YES,YES,NO,YES,NO,NO,NO,NO,NO,NO,NO,NO,NO,NO,NO,NO
,20,M,YES,NO,YES,NO,YES,NO,NO,NO,NO,NO,NO,NO,NO,NO,NO,NO
,17,F,YES,YES,NO,NO,YES,NO,NO,NO,NO,NO,NO,NO,NO,NO,NO,NO
,20,F,YES,YES,NO,NO,YES,NO,NO,NO,NO,NO,NO,NO,NO,NO,NO,NO
,24,F,NO,YES,NO,YES,YES,YES,NO,NO,NO,NO,NO,NO,NO,NO,NO,NO
,21,F,YES,NO,NO,YES,YES,NO,NO,NO,NO,NO,NO,NO,NO,NO,YES,YES
,21,F,YES,NO,NO,YES,YES,NO,NO,NO,NO,NO,NO,NO,NO,NO,NO,NO
,21,F,YES,NO,YES,YES,YES,NO,NO,NO,NO,YES,NO,NO,NO,NO,NO,YES
,25,F,YES,NO,NO,YES,YES,NO,NO,NO,NO,NO,YES,NO,NO,NO,NO,YES
,20,M,YES,NO,NO,YES,YES,NO,NO,NO,NO,YES,NO,NO,NO,YES,NO,YES
,16,M,YES,NO,NO,YES,YES,NO,NO,NO,NO,NO,NO,NO,NO,NO,NO,NO
,25,M,YES,YES,NO,NO,YES,YES,NO,NO,NO,NO,NO,NO,NO,NO,NO,NO
,20,F,YES,YES,YES,NO,YES,NO,NO,NO,NO,YES,NO,NO,NO,YES,NO,YES
,17,M,YES,NO,YES,NO,YES,NO,NO,NO,NO,NO,NO,NO,NO,NO,YES,YES
,17,F,YES,NO,NO,YES,YES,NO,NO,NO,NO,NO,NO,NO,NO,NO,NO,NO
,27,M,YES,YES,NO,YES,NO,NO,NO,NO,NO,NO,YES,NO,NO,NO,YES,YES
,19,F,YES,NO,YES,NO,YES,NO,NO,NO,NO,NO,NO,NO,NO,NO,NO,NO
,23,F,YES,NO,NO,YES,YES,NO,NO,NO,NO,NO,NO,YES,NO,NO,NO,YES
,19,F,YES,NO,NO,YES,YES,NO,NO,NO,NO,NO,NO,NO,NO,NO,NO,NO
,20,F,YES,NO,NO,YES,NO,YES,NO,NO,NO,NO,NO,NO,NO,NO,NO,NO
,18,F,YES,YES,NO,NO,YES,NO,NO,NO,NO,NO,NO,NO,NO,NO,NO,NO
,17,F,NO,YES,NO,YES,YES,NO,NO,NO,NO,NO,NO,NO,NO,NO,YES,YES
,18,F,YES,YES,NO,YES,NO,NO,NO,NO,NO,NO,NO,NO,NO,NO,NO,NO
,20,F,YES,NO,NO,NO,YES,YES,YES,NO,NO,NO,NO,NO,NO,NO,NO,NO
,22,F,YES,YES,NO,NO,NO,YES,NO,NO,NO,NO,NO,YES,NO,NO,NO,YES
,20,F,YES,NO,NO,NO,YES,YES,YES,NO,NO,NO,NO,NO,NO,NO,NO,NO
,19,M,NO,YES,NO,NO,YES,NO,YES,NO,NO,NO,NO,NO,NO,NO,NO,NO
,23,F,YES,YES,NO,YES,NO,YES,NO,NO,NO,NO,NO,NO,NO,NO,NO,NO
,23,F,YES,YES,NO,NO,YES,NO,NO,NO,NO,NO,NO,NO,NO,NO,NO,NO
,23,F,YES,NO,NO,NO,YES,YES,NO,NO,NO,NO,NO,NO,NO,NO,NO,NO
,18,M,YES,YES,NO,NO,YES,NO,NO,NO,NO,NO,NO,NO,NO,NO,NO,NO
,17,M,YES,YES,YES,NO,YES,NO,NO,NO,NO,NO,NO,NO,NO,NO,NO,NO
,20,M,NO,YES,NO,YES,YES,NO,NO,NO,NO,NO,NO,NO,NO,NO,NO,NO
,21,F,YES,NO,NO,NO,NO,NO,NO,NO,NO,NO,NO,NO,NO,YES,NO,YES
,18,M,YES,NO,NO,NO,YES,NO,NO,NO,NO,YES,NO,NO,NO,YES,NO,YES
,23,M,YES,YES,NO,NO,YES,NO,NO,NO,NO,NO,NO,NO,NO,NO,NO,NO
,21,M,YES,YES,NO,NO,YES,YES,NO,NO,NO,NO,NO,NO,NO,NO,NO,NO
,22,F,YES,YES,YES,YES,NO,NO,YES,NO,NO,NO,NO,NO,NO,NO,NO,NO
,18,F,YES,YES,NO,NO,YES,NO,NO,NO,NO,NO,NO,NO,NO,NO,NO,NO
,20,F,YES,YES,NO,NO,NO,YES,NO,NO,NO,NO,NO,NO,NO,NO,NO,NO
,21,F,YES,YES,NO,NO,YES,NO,NO,NO,NO,NO,NO,NO,NO,YES,YES,YES
,20,M,YES,NO,YES,NO,YES,NO,NO,NO,NO,YES,YES,NO,NO,NO,NO,YES
,22,F,YES,NO,NO,YES,YES,NO,NO,NO,NO,NO,NO,NO,NO,NO,NO,NO
,17,F,YES,YES,NO,NO,YES,NO,NO,NO,NO,NO,NO,NO,NO,NO,NO,NO
,27,F,YES,NO,NO,NO,YES,NO,NO,NO,NO,NO,NO,NO,NO,NO,NO,NO
,21,M,YES,NO,NO,YES,YES,NO,NO,NO,NO,NO,NO,NO,NO,NO,NO,NO
,21,F,YES,YES,NO,NO,YES,NO,NO,NO,NO,NO,NO,NO,NO,NO,NO,NO
,24,F,YES,YES,NO,NO,YES,YES,NO,NO,NO,NO,NO,NO,NO,NO,NO,NO
,20,F,YES,YES,NO,NO,YES,NO,NO,NO,NO,NO,NO,NO,NO,NO,YES,YES
,20,F,YES,NO,YES,NO,YES,NO,NO,NO,NO,NO,NO,NO,NO,NO,NO,NO
,22,M,NO,YES,NO,NO,YES,YES,NO,NO,NO,NO,YES,NO,NO,NO,YES,YES
,19,M,NO,YES,NO,NO,YES,NO,NO,NO,NO,NO,NO,NO,YES,NO,YES,YES
,22,F,NO,YES,NO,NO,YES,NO,NO,NO,NO,NO,NO,NO,YES,NO,YES,YES
,23,M,YES,YES,NO,NO,YES,NO,NO,NO,NO,YES,NO,NO,YES,NO,NO,YES
,20,F,YES,YES,YES,NO,NO,YES,NO,NO,NO,NO,NO,NO,NO,NO,NO,NO
,21,M,YES,YES,NO,NO,NO,NO,NO,NO,NO,NO,NO,NO,NO,NO,NO,NO
,21,F,YES,NO,NO,YES,YES,NO,NO,NO,NO,NO,NO,NO,NO,NO,NO,NO
,20,F,YES,NO,NO,NO,YES,YES,NO,NO,NO,NO,NO,NO,NO,NO,NO,NO
,23,F,YES,YES,YES,NO,YES,NO,NO,NO,NO,NO,NO,NO,NO,NO,NO,NO
,19,M,YES,NO,NO,YES,YES,NO,NO,NO,NO,NO,NO,NO,NO,NO,NO,NO
,20,M,YES,NO,YES,NO,YES,NO,NO,NO,NO,NO,NO,NO,NO,NO,NO,NO
,20,F,YES,YES,NO,YES,NO,NO,NO,NO,NO,NO,NO,NO,NO,NO,NO,NO
,21,M,YES,YES,YES,NO,YES,NO,NO,NO,NO,NO,NO,NO,NO,NO,NO,NO
,19,M,YES,NO,NO,YES,YES,NO,NO,NO,NO,NO,NO,NO,NO,NO,NO,NO
,21,F,YES,NO,NO,YES,YES,NO,NO,NO,NO,NO,NO,NO,NO,NO,NO,NO
,18,F,YES,NO,YES,NO,YES,NO,NO,NO,NO,NO,NO,NO,NO,NO,NO,NO
,23,M,YES,YES,NO,NO,YES,YES,NO,NO,NO,NO,NO,NO,NO,NO,NO,NO
,21,M,YES,YES,NO,NO,YES,YES,YES,NO,NO,NO,NO,NO,NO,NO,NO,NO
,18,M,YES,NO,NO,YES,YES,NO,NO,NO,NO,NO,NO,NO,NO,NO,NO,NO
,24,M,YES,NO,NO,NO,YES,NO,NO,NO,NO,NO,NO,NO,NO,NO,NO,NO
,26,M,YES,YES,YES,NO,YES,NO,NO,NO,NO,YES,YES,YES,YES,YES,NO,YES
,16,F,YES,NO,NO,YES,YES,NO,NO,NO,NO,NO,NO,NO,NO,NO,NO,NO
,21,F,NO,NO,YES,NO,YES,YES,NO,NO,NO,NO,NO,NO,NO,NO,NO,NO
,17,F,YES,NO,NO,YES,NO,NO,NO,NO,NO,YES,YES,NO,NO,YES,NO,YES
,26,F,YES,YES,YES,NO,YES,NO,NO,YES,NO,NO,NO,NO,NO,YES,NO,YES
,22,F,YES,NO,NO,NO,YES,YES,NO,NO,NO,NO,NO,NO,NO,NO,NO,NO
,19,M,YES,YES,NO,YES,NO,NO,NO,NO,NO,YES,YES,NO,NO,NO,NO,YES
,25,M,YES,NO,NO,NO,YES,YES,NO,NO,NO,NO,NO,YES,NO,NO,NO,YES
,24,F,YES,YES,YES,YES,NO,NO,NO,NO,NO,NO,NO,YES,NO,NO,NO,YES
,18,M,YES,YES,NO,YES,YES,NO,NO,NO,NO,NO,NO,NO,NO,NO,NO,NO
,23,F,YES,YES,NO,YES,NO,NO,NO,NO,NO,NO,NO,NO,NO,NO,NO,NO
,20,M,YES,YES,YES,YES,NO,NO,NO,NO,NO,NO,NO,NO,NO,YES,NO,YES
,19,M,YES,YES,NO,NO,YES,YES,NO,NO,NO,YES,NO,NO,NO,NO,NO,YES
,28,F,YES,YES,YES,NO,YES,NO,NO,NO,NO,YES,NO,NO,NO,YES,NO,YES
,19,F,YES,NO,NO,YES,YES,NO,NO,NO,NO,NO,NO,NO,NO,NO,NO,NO
,23,F,YES,NO,NO,YES,NO,NO,NO,NO,NO,YES,NO,NO,NO,NO,YES,YES
,24,F,NO,YES,NO,YES,YES,NO,NO,NO,NO,NO,NO,NO,NO,NO,YES,YES
,25,M,YES,YES,NO,YES,NO,YES,NO,NO,NO,NO,NO,NO,NO,NO,NO,NO
,18,F,YES,NO,NO,YES,NO,YES,NO,NO,NO,NO,NO,NO,NO,NO,NO,NO
,22,F,YES,YES,NO,NO,YES,NO,YES,NO,NO,YES,NO,NO,NO,NO,NO,YES
,18,M,YES,YES,NO,NO,YES,YES,NO,NO,NO,NO,NO,NO,NO,NO,NO,NO
,2,F,YES,NO,NO,NO,NO,NO,NO,NO,YES,NO,NO,NO,NO,NO,NO,YES
,4,F,YES,NO,NO,YES,NO,NO,NO,YES,NO,NO,NO,NO,NO,NO,NO,NO
,1,M,YES,NO,NO,YES,NO,NO,NO,NO,NO,YES,NO,NO,NO,NO,NO,YES
,3,M,YES,YES,NO,NO,NO,YES,YES,NO,NO,NO,NO,NO,NO,NO,NO,NO
,2,M,YES,YES,NO,NO,NO,NO,NO,NO,YES,NO,NO,NO,NO,NO,NO,YES
,5,M,YES,NO,NO,YES,NO,YES,YES,NO,NO,NO,NO,NO,NO,NO,NO,NO
,2,M,YES,YES,YES,NO,NO,NO,NO,NO,YES,NO,NO,NO,NO,NO,NO,YES
,3,F,YES,YES,YES,NO,NO,NO,NO,NO,NO,YES,NO,NO,NO,NO,NO,YES
,5,M,YES,YES,NO,YES,NO,NO,NO,NO,NO,NO,NO,NO,NO,NO,NO,NO
,3,M,YES,NO,YES,NO,NO,NO,NO,NO,YES,NO,NO,NO,NO,NO,NO,YES
,5,F,YES,NO,YES,NO,NO,NO,NO,NO,NO,NO,YES,NO,YES,NO,NO,YES
,1,F,YES,NO,YES,NO,NO,NO,YES,NO,YES,NO,NO,NO,NO,NO,NO,YES
,3,M,YES,NO,NO,NO,NO,NO,NO,NO,YES,YES,NO,NO,NO,NO,NO,YES
,2,F,YES,NO,NO,NO,NO,NO,YES,YES,NO,NO,NO,NO,NO,NO,NO,NO
,7,M,YES,YES,NO,NO,YES,NO,NO,NO,NO,NO,NO,NO,NO,NO,NO,NO
,12,F,YES,YES,NO,YES,NO,NO,NO,NO,NO,NO,NO,NO,NO,NO,NO,NO
,1,M,YES,NO,NO,YES,NO,NO,NO,NO,NO,NO,NO,YES,NO,NO,YES,YES
,4,F,YES,NO,NO,YES,YES,NO,NO,NO,NO,NO,NO,NO,NO,NO,NO,NO
,1,M,YES,NO,NO,NO,NO,NO,NO,NO,NO,NO,NO,YES,NO,NO,YES,YES
,9,F,NO,NO,NO,YES,YES,NO,NO,NO,NO,NO,NO,NO,NO,NO,NO,NO
,4,F,YES,YES,NO,NO,NO,NO,NO,NO,YES,YES,NO,NO,NO,NO,NO,YES
,3,F,YES,NO,NO,NO,NO,NO,NO,NO,YES,YES,YES,NO,NO,NO,NO,NO
,9,M,YES,YES,NO,NO,NO,NO,YES,YES,NO,NO,NO,NO,NO,NO,NO,NO
,6,F,YES,NO,NO,YES,YES,NO,NO,NO,NO,NO,NO,NO,NO,NO,NO,NO
,8,M,YES,NO,NO,YES,YES,NO,NO,NO,NO,NO,NO,NO,NO,NO,NO,NO
,2,M,YES,YES,NO,NO,NO,NO,NO,NO,YES,NO,NO,NO,NO,NO,NO,YES
,9,F,YES,YES,NO,NO,YES,NO,NO,NO,NO,NO,NO,NO,NO,NO,NO,NO
,3,F,YES,YES,NO,NO,NO,NO,NO,NO,YES,NO,NO,NO,NO,NO,YES,YES
,4,M,YES,NO,NO,YES,YES,NO,NO,NO,NO,NO,NO,NO,NO,NO,NO,NO
,7,F,NO,YES,YES,YES,NO,NO,NO,NO,NO,NO,NO,NO,NO,NO,NO,NO
